{"stats":{"minecraft:picked_up":{"jujutsucraft:recommendation_2":1,"minecraft:mud":1,"minecraft:sand":12,"minecraft:mangrove_leaves":3,"minecraft:cactus":5,"minecraft:rabbit_hide":2,"jujutsucraft:hammer":1,"minecraft:rabbit":1},"minecraft:dropped":{"minecraft:rabbit_hide":1},"minecraft:killed_by":{"jujutsucraft:cursed_spirit_grade_214":3,"jujutsucraft:cursed_spirit_grade_08":1,"minecraft:player":3,"jujutsucraft:awasaka_jiro":1,"jujutsucraft:entity_water":1,"jujutsucraft:moon_dregs":1,"jujutsucraft:cursed_spirit_grade_23":1,"jujutsucraft:panda_gorilla":1},"minecraft:mined":{"minecraft:sand":12},"minecraft:custom":{"minecraft:time_since_rest":285,"minecraft:sprint_one_cm":77512,"minecraft:damage_taken":5963,"minecraft:walk_one_cm":62914,"minecraft:mob_kills":50,"minecraft:drop":1,"minecraft:damage_dealt":436,"minecraft:swim_one_cm":14434,"minecraft:fly_one_cm":340070,"minecraft:open_chest":1,"minecraft:crouch_one_cm":9843,"minecraft:play_time":34006,"minecraft:deaths":12,"minecraft:sneak_time":2487,"minecraft:walk_under_water_one_cm":15176,"minecraft:jump":758,"minecraft:damage_dealt_resisted":6032,"minecraft:leave_game":2,"minecraft:time_since_death":256,"minecraft:walk_on_water_one_cm":40908,"minecraft:climb_one_cm":809,"minecraft:total_world_time":34006,"minecraft:damage_resisted":538,"minecraft:fall_one_cm":867},"minecraft:used":{"jujutsucraft:clothes_dagon_chestplate":1,"minecraft:cactus":5,"jujutsucraft:clothes_dagon_helmet":1,"minecraft:sand":12},"minecraft:killed":{"minecraft:sheep":2,"jujutsucraft:cursed_spirit_grade_32":2,"jujutsucraft:transfigured_human_3":1,"jujutsucraft:cursed_spirit_grade_39":1,"jujutsucraft:cursed_spirit_grade_313":1,"minecraft:salmon":20,"minecraft:rabbit":4,"jujutsucraft:cursed_spirit_grade_08":1,"jujutsucraft:cursed_spirit_grade_37":1,"jujutsucraft:cursed_spirit_grade_35":1,"jujutsucraft:cursed_spirit_grade_319":1,"jujutsucraft:curse_user":1,"minecraft:tropical_fish":6,"minecraft:squid":2,"jujutsucraft:cursed_spirit_grade_321":2}},"DataVersion":3465}