{"stats":{"minecraft:picked_up":{"jujutsucraft:recommendation_2":1,"minecraft:mud":62,"jujutsucraft:clothes_zenin_2_chestplate":1,"jujutsucraft:uniform_gojo_boots":1,"minecraft:salmon":7,"minecraft:packed_ice":1,"jujutsucraft:sukuna_finger":1,"minecraft:moss_carpet":5,"minecraft:dirt":3,"minecraft:rabbit_hide":2,"jujutsucraft:clothes_zenin_2_leggings":1,"minecraft:rabbit":1,"minecraft:sugar_cane":1,"minecraft:mangrove_log":1,"minecraft:stone":3,"minecraft:stick":9,"minecraft:sandstone":5,"minecraft:gravel":2,"minecraft:sand":14,"minecraft:ink_sac":9,"minecraft:grass_block":3,"minecraft:vine":21,"minecraft:mangrove_leaves":39,"minecraft:cactus":6,"minecraft:tropical_fish":17,"jujutsucraft:item_master_falling_blossom_emotion":1,"minecraft:mangrove_roots":3,"jujutsucraft:hammer":1,"minecraft:grass":1,"minecraft:mangrove_propagule":6},"minecraft:dropped":{"minecraft:vine":1,"jujutsucraft:sword_okkotsu_yuta":2,"jujutsucraft:copied_cursed_technique":4,"minecraft:stick":2,"minecraft:rabbit_hide":2,"jujutsucraft:recommendation_2":1,"minecraft:ink_sac":3,"jujutsucraft:hammer":1},"minecraft:killed_by":{"jujutsucraft:cursed_spirit_grade_214":3,"jujutsucraft:sukuna_fushiguro":11,"jujutsucraft:sukuna_perfect":3,"minecraft:player":4,"jujutsucraft:cursed_spirit_grade_16":1,"jujutsucraft:awasaka_jiro":1,"jujutsucraft:kenjaku":2,"jujutsucraft:cursed_spirit_grade_12":1,"jujutsucraft:entity_water":1,"jujutsucraft:moon_dregs":1,"jujutsucraft:uraume":1,"jujutsucraft:dhruv_lakdawalla":1,"jujutsucraft:zenin_naoya_cursed_spirit_1":1,"jujutsucraft:panda_gorilla":1,"jujutsucraft:cursed_spirit_grade_08":2,"jujutsucraft:fushiguro_megumi_shibuya":1,"jujutsucraft:sukuna":1,"jujutsucraft:eso":1,"jujutsucraft:cursed_spirit_grade_04":1,"jujutsucraft:dagon_2":2,"jujutsucraft:cursed_spirit_grade_02":3,"jujutsucraft:cursed_spirit_grade_23":1},"minecraft:mined":{"minecraft:dead_bush":1,"minecraft:sugar_cane":1,"minecraft:cactus":1,"minecraft:sand":12},"minecraft:custom":{"minecraft:mob_kills":252,"minecraft:damage_dealt_resisted":113152,"minecraft:leave_game":2,"minecraft:time_since_death":0,"minecraft:climb_one_cm":5073,"minecraft:damage_resisted":58858,"minecraft:time_since_rest":17388,"minecraft:sprint_one_cm":236983,"minecraft:damage_taken":28244,"minecraft:walk_one_cm":260502,"minecraft:drop":14,"minecraft:damage_dealt":4213,"minecraft:swim_one_cm":67942,"minecraft:fly_one_cm":1260530,"minecraft:open_chest":1,"minecraft:crouch_one_cm":23882,"minecraft:play_time":142006,"minecraft:deaths":44,"minecraft:sneak_time":8081,"minecraft:walk_under_water_one_cm":75379,"minecraft:jump":1879,"minecraft:walk_on_water_one_cm":193465,"minecraft:total_world_time":142006,"minecraft:fall_one_cm":5987},"minecraft:killed":{"jujutsucraft:cursed_spirit_grade_32":6,"jujutsucraft:transfigured_human_3":1,"jujutsucraft:cursed_spirit_grade_31":1,"jujutsucraft:cursed_spirit_grade_33":4,"jujutsucraft:jujutsu_sorcerer":1,"jujutsucraft:nishimiya_momo":1,"jujutsucraft:cursed_spirit_grade_24":1,"minecraft:salmon":62,"jujutsucraft:cursed_spirit_grade_12":1,"jujutsucraft:fushiguro_megumi_shibuya":1,"minecraft:rabbit":6,"jujutsucraft:zenin_jinichi":3,"jujutsucraft:cursed_spirit_grade_09":3,"minecraft:bat":9,"jujutsucraft:cursed_spirit_grade_37":1,"jujutsucraft:cursed_spirit_grade_35":2,"jujutsucraft:cursed_spirit_grade_316":1,"jujutsucraft:cursed_spirit_grade_318":1,"minecraft:frog":1,"jujutsucraft:cursed_spirit_grade_211":1,"jujutsucraft:curse_user":1,"jujutsucraft:transfigured_human_2":1,"jujutsucraft:wooden_spear_2":1,"minecraft:squid":35,"jujutsucraft:cursed_spirit_grade_321":4,"jujutsucraft:cursed_spirit_grade_04":1,"minecraft:sheep":2,"jujutsucraft:cursed_spirit_grade_28":1,"jujutsucraft:cursed_spirit_grade_39":11,"jujutsucraft:cursed_spirit_grade_312":1,"jujutsucraft:cursed_spirit_grade_313":2,"jujutsucraft:cursed_spirit_grade_314":3,"jujutsucraft:cursed_spirit_grade_14":1,"jujutsucraft:crow":4,"jujutsucraft:cursed_spirit_grade_311":2,"jujutsucraft:sea_serpent":1,"jujutsucraft:cursed_spirit_grade_16":1,"jujutsucraft:cursed_spirit_grade_36":1,"jujutsucraft:cursed_spirit_grade_08":3,"jujutsucraft:cursed_spirit_grade_25":2,"jujutsucraft:cursed_spirit_grade_317":1,"jujutsucraft:cursed_spirit_grade_212":1,"jujutsucraft:cursed_spirit_grade_322":1,"jujutsucraft:cursed_spirit_grade_315":2,"jujutsucraft:cursed_spirit_grade_38":1,"jujutsucraft:cursed_spirit_grade_34":2,"jujutsucraft:cursed_spirit_grade_319":4,"jujutsucraft:cursed_spirit_grade_02":1,"minecraft:tropical_fish":12,"minecraft:camel":1,"minecraft:villager":1,"jujutsucraft:cursed_spirit_grade_27":2,"jujutsucraft:q":2,"jujutsucraft:wooden_ball_1":1},"minecraft:used":{"jujutsucraft:clothes_dagon_chestplate":3,"minecraft:moss_carpet":2,"jujutsucraft:uniform_itadori_chestplate":1,"minecraft:cactus":6,"minecraft:sandstone":3,"minecraft:grass":1,"jujutsucraft:sukuna_finger":20,"jujutsucraft:clothes_zenin_2_leggings":2,"minecraft:dirt":1,"minecraft:sand":14,"jujutsucraft:uniform_gojo_boots":1,"minecraft:vine":5,"jujutsucraft:mahoraga_body_chestplate":3,"jujutsucraft:mahoraga_body_helmet":1,"minecraft:obsidian":2,"minecraft:mud":8,"jujutsucraft:mahoraga_body_leggings":1,"minecraft:grass_block":3,"jujutsucraft:muscular_body_chestplate":3,"minecraft:gravel":2,"jujutsucraft:clothes_dagon_helmet":1,"jujutsucraft:clothes_geto_leggings":1,"jujutsucraft:sukuna_body_chestplate":2,"minecraft:mangrove_roots":3,"jujutsucraft:clothes_zenin_2_chestplate":1,"minecraft:mangrove_leaves":6}},"DataVersion":3465}