{"stats":{"minecraft:picked_up":{"jujutsucraft:recommendation_2":1,"minecraft:mud":7,"jujutsucraft:uniform_gojo_boots":1,"minecraft:salmon":3,"minecraft:rabbit_hide":2,"minecraft:rabbit":1,"minecraft:sugar_cane":1,"minecraft:sand":13,"minecraft:ink_sac":3,"minecraft:vine":10,"minecraft:mangrove_leaves":6,"minecraft:cactus":5,"jujutsucraft:hammer":1,"minecraft:grass":1},"minecraft:dropped":{"minecraft:vine":1,"minecraft:rabbit_hide":1,"jujutsucraft:recommendation_2":1,"minecraft:ink_sac":3,"jujutsucraft:hammer":1},"minecraft:killed_by":{"jujutsucraft:cursed_spirit_grade_214":3,"minecraft:player":3,"jujutsucraft:awasaka_jiro":1,"jujutsucraft:cursed_spirit_grade_12":1,"jujutsucraft:entity_water":1,"jujutsucraft:moon_dregs":1,"jujutsucraft:uraume":1,"jujutsucraft:dhruv_lakdawalla":1,"jujutsucraft:zenin_naoya_cursed_spirit_1":1,"jujutsucraft:panda_gorilla":1,"jujutsucraft:cursed_spirit_grade_08":1,"jujutsucraft:eso":1,"jujutsucraft:cursed_spirit_grade_02":3,"jujutsucraft:cursed_spirit_grade_23":1},"minecraft:mined":{"minecraft:sugar_cane":1,"minecraft:sand":12},"minecraft:custom":{"minecraft:mob_kills":140,"minecraft:damage_dealt_resisted":18912,"minecraft:leave_game":2,"minecraft:time_since_death":6640,"minecraft:climb_one_cm":5073,"minecraft:damage_resisted":5544,"minecraft:time_since_rest":6691,"minecraft:sprint_one_cm":96734,"minecraft:damage_taken":10687,"minecraft:walk_one_cm":91188,"minecraft:drop":5,"minecraft:damage_dealt":1371,"minecraft:swim_one_cm":62957,"minecraft:fly_one_cm":676216,"minecraft:open_chest":1,"minecraft:crouch_one_cm":10250,"minecraft:play_time":58006,"minecraft:deaths":20,"minecraft:sneak_time":4040,"minecraft:walk_under_water_one_cm":67629,"minecraft:jump":1130,"minecraft:walk_on_water_one_cm":151787,"minecraft:total_world_time":58006,"minecraft:fall_one_cm":1339},"minecraft:killed":{"jujutsucraft:cursed_spirit_grade_32":3,"jujutsucraft:transfigured_human_3":1,"jujutsucraft:jujutsu_sorcerer":1,"jujutsucraft:nishimiya_momo":1,"minecraft:salmon":57,"minecraft:rabbit":6,"jujutsucraft:cursed_spirit_grade_37":1,"jujutsucraft:cursed_spirit_grade_35":1,"minecraft:frog":1,"jujutsucraft:curse_user":1,"minecraft:squid":17,"jujutsucraft:cursed_spirit_grade_321":3,"minecraft:sheep":2,"jujutsucraft:cursed_spirit_grade_39":1,"jujutsucraft:cursed_spirit_grade_313":2,"jujutsucraft:cursed_spirit_grade_314":1,"jujutsucraft:crow":4,"jujutsucraft:cursed_spirit_grade_311":2,"jujutsucraft:cursed_spirit_grade_16":1,"jujutsucraft:cursed_spirit_grade_08":1,"jujutsucraft:cursed_spirit_grade_25":1,"jujutsucraft:cursed_spirit_grade_38":1,"jujutsucraft:cursed_spirit_grade_34":1,"jujutsucraft:cursed_spirit_grade_319":1,"jujutsucraft:cursed_spirit_grade_02":1,"minecraft:tropical_fish":6,"minecraft:camel":1,"minecraft:villager":1,"jujutsucraft:cursed_spirit_grade_27":1,"jujutsucraft:q":1},"minecraft:used":{"jujutsucraft:clothes_dagon_chestplate":1,"minecraft:cactus":5,"minecraft:grass":1,"minecraft:sand":13,"jujutsucraft:uniform_gojo_boots":1,"minecraft:vine":5,"minecraft:mud":5,"jujutsucraft:clothes_dagon_helmet":1,"minecraft:mangrove_leaves":6}},"DataVersion":3465}