{"stats":{"minecraft:picked_up":{"mineminenomi:bullet":16,"mineminenomi:challenge_poster":2,"minecraft:feather":2,"minecraft:chicken":2,"mineminenomi:handcuffs":1,"mineminenomi:impact_dial":1,"minecraft:jungle_planks":2,"minecraft:lily_pad":1,"minecraft:oak_log":1,"mineminenomi:eisen_dial":2,"mineminenomi:belly_pouch":7,"minecraft:blue_carpet":1,"minecraft:dirt":12,"minecraft:lantern":1,"minecraft:white_carpet":1,"mineminenomi:kairoseki_bullet":6,"minecraft:wheat_seeds":2,"mineminenomi:breath_dial":1,"minecraft:glowstone_dust":5,"minecraft:sugar_cane":1,"minecraft:mutton":1,"minecraft:white_wool":1,"mineminenomi:kairoseki_handcuffs":1},"minecraft:killed":{"minecraft:sheep":1,"mineminenomi:pirate_grunt":1,"mineminenomi:gin":1},"minecraft:killed_by":{"mineminenomi:marine_grunt":4,"mineminenomi:pirate_grunt":18,"mineminenomi:bandit_grunt":2},"minecraft:used":{"mineminenomi:mera_mera_no_mi":1,"minecraft:lantern":1,"minecraft:bread":4,"mineminenomi:flintlock":9,"mineminenomi:wanted_poster_package":2,"mineminenomi:broadsword":3,"mineminenomi:striker":1,"mineminenomi:mace":5,"mineminenomi:cleaver":3,"mineminenomi:impact_dial":3,"minecraft:white_wool":1,"minecraft:glowstone":1,"minecraft:dirt":11,"minecraft:mutton":1,"minecraft:white_carpet":1,"minecraft:crafting_table":1,"minecraft:jungle_planks":2,"mineminenomi:senriku":52,"mineminenomi:eisen_dial":2,"mineminenomi:breath_dial":2},"minecraft:custom":{"minecraft:time_since_rest":7721,"minecraft:sprint_one_cm":91008,"minecraft:damage_taken":11248,"minecraft:walk_one_cm":74285,"minecraft:mob_kills":4,"minecraft:drop":13,"minecraft:damage_dealt":967,"minecraft:swim_one_cm":8737,"minecraft:fly_one_cm":106779,"minecraft:open_chest":30,"minecraft:play_one_minute":41474,"minecraft:crouch_one_cm":320,"minecraft:deaths":26,"minecraft:sneak_time":208,"minecraft:walk_under_water_one_cm":3873,"minecraft:jump":707,"minecraft:walk_on_water_one_cm":7177,"minecraft:time_since_death":7601,"minecraft:climb_one_cm":4523,"minecraft:fall_one_cm":22843},"minecraft:crafted":{"minecraft:oak_planks":4,"minecraft:crafting_table":1,"minecraft:glowstone":1},"minecraft:dropped":{"mineminenomi:kairoseki_handcuffs":2,"mineminenomi:character_creator":2,"mineminenomi:breath_dial":2,"minecraft:wheat_seeds":2,"minecraft:chicken":1,"mineminenomi:kairoseki_bullet":6,"mineminenomi:eisen_dial":1,"mineminenomi:mace":1,"mineminenomi:belly_pouch":1,"mineminenomi:challenge_poster":1},"minecraft:mined":{"minecraft:glowstone":2,"mineminenomi:wanted_poster_package":2,"minecraft:fire":2,"minecraft:white_carpet":1,"minecraft:grass":6,"minecraft:grass_block":6,"minecraft:oak_log":1,"minecraft:jungle_planks":2,"mineminenomi:eisen_dial":2,"minecraft:dirt":4,"mineminenomi:impact_dial":2,"minecraft:sugar_cane":1,"minecraft:oak_leaves":17}},"DataVersion":2586}