{"stats":{"minecraft:used":{"trueprimepiece:daibutsu":1,"minecraft:oak_log":2,"trueprimepiece:basic_snail":1,"trueprimepiece:luffy_spawn_egg":1,"trueprimepiece:kaido_form_2_spawn_egg":1,"trueprimepiece:sogeking_mob_spawn_egg":1,"trueprimepiece:akainu_spawn_egg":1,"trueprimepiece:tori_torinomi":1,"trueprimepiece:garp_spawn_egg":1,"trueprimepiece:vanquisher_sword":2,"trueprimepiece:uo_uo":4,"trueprimepiece:nami_spawn_egg":1,"trueprimepiece:kizaru_spawn_egg":1,"trueprimepiece:robin_pre_ts_spawn_egg":1,"minecraft:dirt":1,"trueprimepiece:pre_ts_nami_spawn_egg":1,"trueprimepiece:yami_fruit":3,"trueprimepiece:bisento":57,"trueprimepiece:goro_goro":3,"trueprimepiece:akainu_snail":1,"trueprimepiece:pikafruit":1},"minecraft:mined":{"minecraft:birch_leaves":2,"minecraft:grass":1,"minecraft:grass_block":2,"minecraft:oak_leaves":11},"minecraft:killed":{"trueprimepiece:ladybug":1,"trueprimepiece:pirate":1,"minecraft:donkey":1,"minecraft:pig":2,"trueprimepiece:wapol":1,"minecraft:salmon":1,"minecraft:spider":1,"trueprimepiece:kung_fu_dugong":3,"trueprimepiece:female_pirate":2},"minecraft:custom":{"minecraft:time_since_rest":623,"minecraft:sprint_one_cm":26583,"minecraft:damage_taken":15792,"minecraft:walk_one_cm":42975,"minecraft:mob_kills":14,"minecraft:drop":5,"minecraft:damage_dealt":2819,"minecraft:swim_one_cm":2265,"minecraft:fly_one_cm":68378,"minecraft:play_one_minute":29710,"minecraft:deaths":12,"minecraft:sneak_time":73,"minecraft:walk_under_water_one_cm":2373,"minecraft:damage_dealt_resisted":15,"minecraft:jump":334,"minecraft:leave_game":3,"minecraft:time_since_death":0,"minecraft:walk_on_water_one_cm":3530,"minecraft:damage_resisted":3204,"minecraft:fall_one_cm":17102},"minecraft:picked_up":{"minecraft:sandstone":1,"trueprimepiece:hie_fruit":2,"trueprimepiece:mochi_mochi":2,"trueprimepiece:goro_goro":2,"trueprimepiece:yami_fruit":1,"minecraft:porkchop":5,"trueprimepiece:merameranomi":2,"minecraft:oak_log":1,"trueprimepiece:kage_fruit":2,"trueprimepiece:tori_torinomi":2,"trueprimepiece:kizaru_snail":1,"minecraft:dirt":2,"minecraft:pumpkin_seeds":1,"minecraft:apple":1,"trueprimepiece:akainu_snail":1,"minecraft:wheat_seeds":1,"trueprimepiece:kiza_helmet":1,"trueprimepiece:basic_snail":1,"minecraft:emerald":2,"trueprimepiece:beli":3,"trueprimepiece:bullet":9,"minecraft:oak_sapling":2,"minecraft:birch_sapling":1,"trueprimepiece:magueaten":2,"trueprimepiece:nikyu":2},"minecraft:dropped":{"trueprimepiece:vanquisher_sword":1,"minecraft:birch_sapling":1,"minecraft:oak_sapling":2,"trueprimepiece:daibutsu":1},"minecraft:killed_by":{"minecraft:creeper":1,"trueprimepiece:kizaru":4,"trueprimepiece:kung_fu_dugong":1,"trueprimepiece:akainu":1}},"DataVersion":2586}