{"stats":{"minecraft:picked_up":{"mineminenomi:bullet":12,"minecraft:feather":2,"minecraft:chicken":2,"minecraft:oak_log":1,"mineminenomi:belly_pouch":5,"minecraft:blue_carpet":1,"minecraft:dirt":11,"minecraft:white_carpet":1,"minecraft:wheat_seeds":2,"minecraft:glowstone_dust":5,"minecraft:sugar_cane":1,"minecraft:mutton":1,"minecraft:white_wool":1},"minecraft:killed":{"minecraft:sheep":1},"minecraft:killed_by":{"mineminenomi:marine_grunt":4,"mineminenomi:pirate_grunt":16,"mineminenomi:bandit_grunt":1},"minecraft:used":{"minecraft:white_wool":1,"minecraft:glowstone":1,"minecraft:dirt":11,"minecraft:mutton":1,"minecraft:crafting_table":1},"minecraft:custom":{"minecraft:time_since_rest":2098,"minecraft:sprint_one_cm":37695,"minecraft:damage_taken":6051,"minecraft:walk_one_cm":20128,"minecraft:mob_kills":2,"minecraft:drop":4,"minecraft:damage_dealt":520,"minecraft:swim_one_cm":3450,"minecraft:fly_one_cm":69022,"minecraft:open_chest":3,"minecraft:play_one_minute":17474,"minecraft:crouch_one_cm":192,"minecraft:deaths":22,"minecraft:sneak_time":87,"minecraft:walk_under_water_one_cm":3201,"minecraft:jump":464,"minecraft:walk_on_water_one_cm":4287,"minecraft:time_since_death":2070,"minecraft:climb_one_cm":4523,"minecraft:fall_one_cm":13603},"minecraft:crafted":{"minecraft:oak_planks":4,"minecraft:crafting_table":1,"minecraft:glowstone":1},"minecraft:dropped":{"minecraft:wheat_seeds":2,"minecraft:chicken":1,"mineminenomi:belly_pouch":1},"minecraft:mined":{"minecraft:glowstone":2,"minecraft:grass":6,"minecraft:grass_block":5,"minecraft:oak_log":1,"minecraft:dirt":4,"minecraft:sugar_cane":1,"minecraft:oak_leaves":17}},"DataVersion":2586}