{"stats":{"minecraft:picked_up":{"jujutsucraft:recommendation_2":1,"minecraft:mud":6,"jujutsucraft:uniform_gojo_boots":1,"minecraft:salmon":2,"minecraft:sand":12,"minecraft:vine":2,"minecraft:mangrove_leaves":3,"minecraft:cactus":5,"minecraft:rabbit_hide":2,"jujutsucraft:hammer":1,"minecraft:rabbit":1,"minecraft:sugar_cane":1},"minecraft:dropped":{"minecraft:rabbit_hide":1,"minecraft:vine":1,"jujutsucraft:recommendation_2":1,"jujutsucraft:hammer":1},"minecraft:killed_by":{"jujutsucraft:cursed_spirit_grade_214":3,"jujutsucraft:cursed_spirit_grade_08":1,"minecraft:player":3,"jujutsucraft:awasaka_jiro":1,"jujutsucraft:dhruv_lakdawalla":1,"jujutsucraft:uraume":1,"jujutsucraft:entity_water":1,"jujutsucraft:moon_dregs":1,"jujutsucraft:cursed_spirit_grade_23":1,"jujutsucraft:cursed_spirit_grade_02":3,"jujutsucraft:panda_gorilla":1},"minecraft:mined":{"minecraft:sand":12,"minecraft:sugar_cane":1},"minecraft:custom":{"minecraft:time_since_rest":1945,"minecraft:sprint_one_cm":87605,"minecraft:damage_taken":8596,"minecraft:walk_one_cm":76554,"minecraft:mob_kills":85,"minecraft:drop":4,"minecraft:damage_dealt":1150,"minecraft:swim_one_cm":39302,"minecraft:fly_one_cm":501421,"minecraft:open_chest":1,"minecraft:crouch_one_cm":9885,"minecraft:play_time":46006,"minecraft:deaths":17,"minecraft:sneak_time":3070,"minecraft:walk_under_water_one_cm":55378,"minecraft:jump":940,"minecraft:damage_dealt_resisted":12566,"minecraft:leave_game":2,"minecraft:time_since_death":1911,"minecraft:walk_on_water_one_cm":106938,"minecraft:climb_one_cm":1030,"minecraft:total_world_time":46006,"minecraft:damage_resisted":2398,"minecraft:fall_one_cm":1339},"minecraft:used":{"jujutsucraft:clothes_dagon_chestplate":1,"minecraft:cactus":5,"jujutsucraft:clothes_dagon_helmet":1,"minecraft:sand":12,"minecraft:vine":1,"jujutsucraft:uniform_gojo_boots":1,"minecraft:mangrove_leaves":3,"minecraft:mud":5},"minecraft:killed":{"minecraft:sheep":2,"jujutsucraft:cursed_spirit_grade_32":3,"jujutsucraft:transfigured_human_3":1,"jujutsucraft:cursed_spirit_grade_39":1,"jujutsucraft:cursed_spirit_grade_313":1,"jujutsucraft:jujutsu_sorcerer":1,"jujutsucraft:nishimiya_momo":1,"minecraft:salmon":33,"jujutsucraft:cursed_spirit_grade_25":1,"minecraft:rabbit":6,"jujutsucraft:cursed_spirit_grade_08":1,"jujutsucraft:cursed_spirit_grade_37":1,"jujutsucraft:cursed_spirit_grade_35":1,"jujutsucraft:cursed_spirit_grade_38":1,"jujutsucraft:cursed_spirit_grade_319":1,"jujutsucraft:cursed_spirit_grade_02":1,"jujutsucraft:curse_user":1,"jujutsucraft:cursed_spirit_grade_27":1,"minecraft:tropical_fish":6,"minecraft:squid":4,"jujutsucraft:q":1,"jujutsucraft:cursed_spirit_grade_321":2}},"DataVersion":3465}