{"stats":{"minecraft:picked_up":{"mineminenomi:challenge_poster":11,"minecraft:azure_bluet":3,"minecraft:feather":2,"minecraft:chicken":2,"mineminenomi:handcuffs":1,"minecraft:oak_log":1,"minecraft:lily_pad":1,"mineminenomi:belly_pouch":7,"minecraft:dirt":13,"minecraft:lantern":1,"minecraft:white_carpet":1,"minecraft:wheat_seeds":5,"mineminenomi:kairoseki_bullet":6,"minecraft:glowstone_dust":5,"minecraft:sugar_cane":1,"mineminenomi:kairoseki_handcuffs":1,"mineminenomi:bullet":19,"mineminenomi:impact_dial":1,"minecraft:jungle_planks":2,"mineminenomi:eisen_dial":2,"minecraft:blue_carpet":1,"mineminenomi:breath_dial":1,"minecraft:mutton":1,"minecraft:white_wool":1},"minecraft:killed":{"mineminenomi:pirate_grunt":3,"minecraft:pig":1,"minecraft:spider":1,"mineminenomi:marine_grunt":1,"minecraft:creeper":1,"minecraft:sheep":1,"mineminenomi:gin":1,"mineminenomi:bandit_grunt":2},"minecraft:killed_by":{"mineminenomi:marine_grunt":4,"mineminenomi:pirate_grunt":18,"mineminenomi:bandit_grunt":2},"minecraft:used":{"mineminenomi:mera_mera_no_mi":1,"mineminenomi:flintlock":9,"mineminenomi:cleaver":12,"mineminenomi:striker":1,"minecraft:white_wool":1,"mineminenomi:impact_dial":3,"minecraft:dirt":11,"minecraft:mutton":1,"minecraft:white_carpet":1,"minecraft:crafting_table":1,"mineminenomi:gasu_gasu_no_mi":1,"minecraft:jungle_planks":2,"mineminenomi:eisen_dial":2,"mineminenomi:kairoseki_bars":33,"minecraft:lantern":1,"minecraft:bread":4,"mineminenomi:hie_hie_no_mi":1,"mineminenomi:wanted_poster_package":12,"mineminenomi:broadsword":3,"mineminenomi:mace":5,"minecraft:glowstone":1,"mineminenomi:senriku":52,"mineminenomi:goro_goro_no_mi":1,"mineminenomi:breath_dial":2},"minecraft:custom":{"minecraft:mob_kills":13,"minecraft:play_one_minute":77307,"minecraft:leave_game":2,"minecraft:time_since_death":6582,"minecraft:climb_one_cm":4523,"minecraft:time_since_rest":6614,"minecraft:sprint_one_cm":120430,"minecraft:damage_taken":15251,"minecraft:walk_one_cm":115021,"minecraft:drop":26,"minecraft:damage_dealt":5641,"minecraft:swim_one_cm":10005,"minecraft:fly_one_cm":209745,"minecraft:open_chest":30,"minecraft:crouch_one_cm":419,"minecraft:deaths":29,"minecraft:sneak_time":295,"minecraft:walk_under_water_one_cm":8833,"minecraft:jump":1187,"minecraft:walk_on_water_one_cm":9503,"minecraft:fall_one_cm":44257},"minecraft:crafted":{"minecraft:oak_planks":4,"minecraft:crafting_table":1,"minecraft:glowstone":1},"minecraft:dropped":{"mineminenomi:breath_dial":2,"mineminenomi:kairoseki_handcuffs":2,"minecraft:wheat_seeds":5,"mineminenomi:rope_net":1,"mineminenomi:flag":1,"minecraft:chicken":1,"mineminenomi:eisen_dial":1,"mineminenomi:mace":1,"mineminenomi:character_creator":2,"mineminenomi:kairoseki_bullet":12,"mineminenomi:yoru":1,"mineminenomi:kairoseki_bars":1,"mineminenomi:belly_pouch":1,"mineminenomi:challenge_poster":5},"minecraft:mined":{"minecraft:grass_block":6,"minecraft:jungle_planks":2,"mineminenomi:eisen_dial":2,"minecraft:tall_grass":3,"minecraft:sugar_cane":1,"minecraft:seagrass":1,"minecraft:glowstone":2,"mineminenomi:wanted_poster_package":10,"minecraft:fire":4,"minecraft:white_carpet":1,"minecraft:grass":10,"minecraft:oak_log":1,"minecraft:dirt":5,"mineminenomi:impact_dial":2,"minecraft:oak_leaves":17}},"DataVersion":2586}