{"stats":{"minecraft:picked_up":{"mineminenomi:bullet":12,"mineminenomi:challenge_poster":2,"minecraft:feather":2,"minecraft:chicken":2,"mineminenomi:impact_dial":1,"minecraft:oak_log":1,"mineminenomi:belly_pouch":6,"minecraft:blue_carpet":1,"minecraft:dirt":11,"minecraft:white_carpet":1,"minecraft:wheat_seeds":2,"mineminenomi:breath_dial":1,"minecraft:glowstone_dust":5,"minecraft:sugar_cane":1,"minecraft:mutton":1,"minecraft:white_wool":1},"minecraft:killed":{"minecraft:sheep":1,"mineminenomi:gin":1},"minecraft:killed_by":{"mineminenomi:marine_grunt":4,"mineminenomi:pirate_grunt":16,"mineminenomi:bandit_grunt":1},"minecraft:used":{"minecraft:bread":2,"mineminenomi:flintlock":9,"mineminenomi:wanted_poster_package":1,"mineminenomi:mace":5,"mineminenomi:impact_dial":2,"minecraft:white_wool":1,"minecraft:glowstone":1,"minecraft:dirt":11,"minecraft:mutton":1,"minecraft:crafting_table":1,"mineminenomi:senriku":52},"minecraft:custom":{"minecraft:time_since_rest":14098,"minecraft:sprint_one_cm":68526,"minecraft:damage_taken":8222,"minecraft:walk_one_cm":52494,"minecraft:mob_kills":2,"minecraft:drop":6,"minecraft:damage_dealt":693,"minecraft:swim_one_cm":8737,"minecraft:fly_one_cm":89199,"minecraft:open_chest":28,"minecraft:play_one_minute":29474,"minecraft:crouch_one_cm":193,"minecraft:deaths":22,"minecraft:sneak_time":136,"minecraft:walk_under_water_one_cm":3873,"minecraft:jump":578,"minecraft:walk_on_water_one_cm":6917,"minecraft:time_since_death":14070,"minecraft:climb_one_cm":4523,"minecraft:fall_one_cm":15297},"minecraft:crafted":{"minecraft:oak_planks":4,"minecraft:crafting_table":1,"minecraft:glowstone":1},"minecraft:dropped":{"minecraft:wheat_seeds":2,"minecraft:chicken":1,"mineminenomi:mace":1,"mineminenomi:belly_pouch":1,"mineminenomi:challenge_poster":1},"minecraft:mined":{"minecraft:glowstone":2,"mineminenomi:wanted_poster_package":1,"minecraft:grass":6,"minecraft:grass_block":5,"minecraft:oak_log":1,"minecraft:dirt":4,"mineminenomi:impact_dial":2,"minecraft:sugar_cane":1,"minecraft:oak_leaves":17}},"DataVersion":2586}