{"stats":{"minecraft:picked_up":{"jujutsucraft:recommendation_2":1,"minecraft:mud":19,"jujutsucraft:clothes_zenin_2_chestplate":1,"jujutsucraft:uniform_gojo_boots":1,"minecraft:salmon":3,"minecraft:rabbit_hide":2,"jujutsucraft:clothes_zenin_2_leggings":1,"minecraft:rabbit":1,"minecraft:sugar_cane":1,"minecraft:mangrove_log":1,"minecraft:sandstone":3,"minecraft:sand":14,"minecraft:ink_sac":3,"minecraft:vine":16,"minecraft:mangrove_leaves":20,"minecraft:cactus":6,"jujutsucraft:hammer":1,"minecraft:grass":1,"minecraft:mangrove_propagule":1},"minecraft:dropped":{"minecraft:vine":1,"minecraft:rabbit_hide":2,"jujutsucraft:recommendation_2":1,"minecraft:ink_sac":3,"jujutsucraft:hammer":1},"minecraft:killed_by":{"jujutsucraft:cursed_spirit_grade_214":3,"minecraft:player":4,"jujutsucraft:awasaka_jiro":1,"jujutsucraft:cursed_spirit_grade_12":1,"jujutsucraft:entity_water":1,"jujutsucraft:moon_dregs":1,"jujutsucraft:uraume":1,"jujutsucraft:dhruv_lakdawalla":1,"jujutsucraft:zenin_naoya_cursed_spirit_1":1,"jujutsucraft:panda_gorilla":1,"jujutsucraft:cursed_spirit_grade_08":1,"jujutsucraft:fushiguro_megumi_shibuya":1,"jujutsucraft:eso":1,"jujutsucraft:cursed_spirit_grade_04":1,"jujutsucraft:dagon_2":2,"jujutsucraft:cursed_spirit_grade_02":3,"jujutsucraft:cursed_spirit_grade_23":1},"minecraft:mined":{"minecraft:dead_bush":1,"minecraft:sugar_cane":1,"minecraft:cactus":1,"minecraft:sand":12},"minecraft:custom":{"minecraft:mob_kills":150,"minecraft:damage_dealt_resisted":34821,"minecraft:leave_game":2,"minecraft:time_since_death":2097,"minecraft:climb_one_cm":5073,"minecraft:damage_resisted":11453,"minecraft:time_since_rest":2130,"minecraft:sprint_one_cm":115713,"minecraft:damage_taken":14628,"minecraft:walk_one_cm":137358,"minecraft:drop":6,"minecraft:damage_dealt":1916,"minecraft:swim_one_cm":66271,"minecraft:fly_one_cm":834644,"minecraft:open_chest":1,"minecraft:crouch_one_cm":11281,"minecraft:play_time":70006,"minecraft:deaths":25,"minecraft:sneak_time":5296,"minecraft:walk_under_water_one_cm":73058,"minecraft:jump":1281,"minecraft:walk_on_water_one_cm":180118,"minecraft:total_world_time":70006,"minecraft:fall_one_cm":1339},"minecraft:killed":{"jujutsucraft:cursed_spirit_grade_32":3,"jujutsucraft:transfigured_human_3":1,"jujutsucraft:cursed_spirit_grade_33":2,"jujutsucraft:jujutsu_sorcerer":1,"jujutsucraft:nishimiya_momo":1,"minecraft:salmon":57,"jujutsucraft:cursed_spirit_grade_12":1,"jujutsucraft:fushiguro_megumi_shibuya":1,"minecraft:rabbit":6,"jujutsucraft:zenin_jinichi":1,"jujutsucraft:cursed_spirit_grade_09":1,"jujutsucraft:cursed_spirit_grade_37":1,"jujutsucraft:cursed_spirit_grade_35":1,"minecraft:frog":1,"jujutsucraft:curse_user":1,"minecraft:squid":17,"jujutsucraft:cursed_spirit_grade_321":3,"minecraft:sheep":2,"jujutsucraft:cursed_spirit_grade_39":3,"jujutsucraft:cursed_spirit_grade_313":2,"jujutsucraft:cursed_spirit_grade_314":1,"jujutsucraft:crow":4,"jujutsucraft:cursed_spirit_grade_311":2,"jujutsucraft:sea_serpent":1,"jujutsucraft:cursed_spirit_grade_16":1,"jujutsucraft:cursed_spirit_grade_08":1,"jujutsucraft:cursed_spirit_grade_25":1,"jujutsucraft:cursed_spirit_grade_38":1,"jujutsucraft:cursed_spirit_grade_34":1,"jujutsucraft:cursed_spirit_grade_319":1,"jujutsucraft:cursed_spirit_grade_02":1,"minecraft:tropical_fish":6,"minecraft:camel":1,"minecraft:villager":1,"jujutsucraft:cursed_spirit_grade_27":1,"jujutsucraft:q":2},"minecraft:used":{"jujutsucraft:clothes_dagon_chestplate":2,"minecraft:cactus":5,"minecraft:grass":1,"jujutsucraft:clothes_zenin_2_leggings":1,"minecraft:sand":14,"jujutsucraft:uniform_gojo_boots":1,"minecraft:vine":5,"minecraft:obsidian":2,"minecraft:mud":7,"jujutsucraft:clothes_dagon_helmet":1,"jujutsucraft:clothes_zenin_2_chestplate":1,"minecraft:mangrove_leaves":6}},"DataVersion":3465}