{"stats":{"minecraft:picked_up":{"minecraft:crafting_table":3,"minecraft:feather":1,"minecraft:cooked_beef":2,"minecraft:chicken":1,"tac:scar_l":1,"blackclover:xp_bottle_wolf":8,"minecraft:leather":4,"minecraft:oak_log":6,"blackclover:xp_bottle_mob":31,"minecraft:gunpowder":2,"blackclover:xp_bottle_swordsman":1,"minecraft:dirt":27,"minecraft:string":4,"minecraft:iron_leggings":1,"minecraft:bone":5,"minecraft:wheat_seeds":11,"tac:nato_556_bullet":60,"minecraft:beef":20,"minecraft:stone_pickaxe":1,"minecraft:iron_ore":6,"blackclover:xp_bottle_legendary":1,"minecraft:iron_sword":1,"minecraft:oak_planks":18,"minecraft:iron_boots":1,"minecraft:furnace":1,"tac:minigun":1,"minecraft:cooked_porkchop":60,"blackclover:grimoire_ice":1,"minecraft:torch":4,"blackclover:xp_bottle_bandit":6,"minecraft:carrot":1,"blackclover:sword_6":2,"blackclover:xp_bottle_mage":14,"blackclover:star":1,"minecraft:arrow":5,"minecraft:rotten_flesh":23,"blackclover:key_core":6,"blackclover:xp_bottle_witch":3,"minecraft:iron_helmet":1,"minecraft:coal":24,"blackclover:bronzeyul":6,"minecraft:rail":1,"minecraft:cobblestone":26},"minecraft:killed_by":{"blackclover:rhya":1,"minecraft:player":2,"minecraft:skeleton":1,"minecraft:creeper":1,"blackclover:mage":3,"blackclover:swordsman":1,"blackclover:witchnormal":3},"minecraft:dropped":{"minecraft:iron_sword":1,"blackclover:sword_6":1,"blackclover:xp_bottle_bandit":1,"minecraft:wheat_seeds":5,"blackclover:volcano_key":1,"minecraft:cooked_porkchop":124,"blackclover:key_core":3,"tac:glock_17":1,"minecraft:iron_helmet":3,"minecraft:iron_boots":3,"blackclover:bronzeyul":3,"blackclover:xp_bottle_mage":1,"minecraft:coal":6,"blackclover:grimoire_ice":2,"tac:minigun":1,"minecraft:torch":1,"minecraft:iron_chestplate":3,"minecraft:iron_leggings":3,"minecraft:wooden_pickaxe":1,"minecraft:stone_pickaxe":1,"minecraft:beef":6,"blackclover:star":1},"minecraft:custom":{"minecraft:interact_with_furnace":12,"minecraft:mob_kills":85,"minecraft:interact_with_crafting_table":4,"minecraft:play_one_minute":75441,"minecraft:damage_dealt_resisted":48,"minecraft:leave_game":6,"minecraft:time_since_death":4248,"minecraft:climb_one_cm":440,"minecraft:damage_resisted":852,"minecraft:time_since_rest":4291,"minecraft:damage_absorbed":240,"minecraft:sprint_one_cm":131854,"minecraft:damage_taken":13257,"minecraft:walk_one_cm":159397,"minecraft:drop":41,"minecraft:damage_dealt":9596,"minecraft:player_kills":3,"minecraft:swim_one_cm":3230,"minecraft:fly_one_cm":256273,"minecraft:open_chest":4,"minecraft:crouch_one_cm":1916,"minecraft:deaths":24,"minecraft:sneak_time":1160,"minecraft:walk_under_water_one_cm":962,"minecraft:jump":1177,"minecraft:walk_on_water_one_cm":19706,"minecraft:fall_one_cm":71836},"minecraft:crafted":{"minecraft:cooked_beef":2,"minecraft:oak_planks":24,"minecraft:crafting_table":1,"minecraft:wooden_pickaxe":1,"minecraft:iron_sword":1,"minecraft:stone_axe":1,"minecraft:air":0,"minecraft:stick":12,"minecraft:iron_ingot":4,"minecraft:stone_pickaxe":1,"minecraft:stone_sword":1,"minecraft:torch":4},"minecraft:used":{"tac:workbench":1,"minecraft:stone_sword":77,"minecraft:stone_pickaxe":55,"minecraft:oak_planks":12,"minecraft:wooden_pickaxe":3,"minecraft:iron_sword":61,"minecraft:rotten_flesh":2,"minecraft:golden_apple":1,"minecraft:torch":5,"minecraft:dirt":27,"minecraft:crafting_table":3,"blackclover:demon_slasher":32,"blackclover:demon_destroyer":8,"minecraft:stone_axe":12,"blackclover:sword_6":4,"minecraft:cobblestone":18,"minecraft:beef":13,"minecraft:cooked_porkchop":4,"luckytntmod:supernova":1,"minecraft:cooked_beef":4},"minecraft:mined":{"minecraft:crafting_table":3,"minecraft:torch":2,"minecraft:grass_block":4,"minecraft:tall_grass":5,"minecraft:cobblestone":1,"minecraft:oak_planks":1,"minecraft:wall_torch":1,"minecraft:seagrass":1,"minecraft:furnace":1,"minecraft:iron_ore":6,"minecraft:grass":23,"minecraft:coal_ore":24,"minecraft:oak_log":6,"minecraft:dirt":8,"minecraft:stone":25},"minecraft:killed":{"minecraft:pig":3,"blackclover:wolf":12,"minecraft:spider":3,"minecraft:skeleton":3,"minecraft:zombie":22,"blackclover:bandit":6,"blackclover:witchnormal":3,"blackclover:swordsman":2,"blackclover:danteboss":1,"blackclover:mage":11,"minecraft:cow":8}},"DataVersion":2586}