{"stats":{"minecraft:picked_up":{"jujutsucraft:recommendation_2":1,"minecraft:mud":51,"jujutsucraft:clothes_zenin_2_chestplate":1,"jujutsucraft:uniform_gojo_boots":1,"minecraft:salmon":7,"minecraft:packed_ice":1,"jujutsucraft:sukuna_finger":1,"minecraft:moss_carpet":2,"minecraft:dirt":3,"minecraft:rabbit_hide":2,"jujutsucraft:clothes_zenin_2_leggings":1,"minecraft:rabbit":1,"minecraft:sugar_cane":1,"minecraft:mangrove_log":1,"minecraft:stick":2,"minecraft:sandstone":3,"minecraft:gravel":2,"minecraft:sand":14,"minecraft:ink_sac":9,"minecraft:grass_block":3,"minecraft:vine":19,"minecraft:mangrove_leaves":39,"minecraft:cactus":6,"minecraft:tropical_fish":17,"jujutsucraft:hammer":1,"minecraft:grass":1,"minecraft:mangrove_propagule":5},"minecraft:dropped":{"minecraft:vine":1,"minecraft:stick":2,"minecraft:rabbit_hide":2,"jujutsucraft:recommendation_2":1,"minecraft:ink_sac":3,"jujutsucraft:hammer":1},"minecraft:killed_by":{"jujutsucraft:cursed_spirit_grade_214":3,"jujutsucraft:sukuna_fushiguro":3,"minecraft:player":4,"jujutsucraft:cursed_spirit_grade_16":1,"jujutsucraft:awasaka_jiro":1,"jujutsucraft:kenjaku":2,"jujutsucraft:cursed_spirit_grade_12":1,"jujutsucraft:entity_water":1,"jujutsucraft:moon_dregs":1,"jujutsucraft:uraume":1,"jujutsucraft:dhruv_lakdawalla":1,"jujutsucraft:zenin_naoya_cursed_spirit_1":1,"jujutsucraft:panda_gorilla":1,"jujutsucraft:cursed_spirit_grade_08":1,"jujutsucraft:fushiguro_megumi_shibuya":1,"jujutsucraft:eso":1,"jujutsucraft:cursed_spirit_grade_04":1,"jujutsucraft:dagon_2":2,"jujutsucraft:cursed_spirit_grade_02":3,"jujutsucraft:cursed_spirit_grade_23":1},"minecraft:mined":{"minecraft:dead_bush":1,"minecraft:sugar_cane":1,"minecraft:cactus":1,"minecraft:sand":12},"minecraft:custom":{"minecraft:mob_kills":206,"minecraft:damage_dealt_resisted":60768,"minecraft:leave_game":2,"minecraft:time_since_death":1595,"minecraft:climb_one_cm":5073,"minecraft:damage_resisted":22401,"minecraft:time_since_rest":1726,"minecraft:sprint_one_cm":154017,"minecraft:damage_taken":18091,"minecraft:walk_one_cm":165328,"minecraft:drop":8,"minecraft:damage_dealt":2202,"minecraft:swim_one_cm":67942,"minecraft:fly_one_cm":994064,"minecraft:open_chest":1,"minecraft:crouch_one_cm":12843,"minecraft:play_time":82006,"minecraft:deaths":31,"minecraft:sneak_time":6006,"minecraft:walk_under_water_one_cm":75379,"minecraft:jump":1563,"minecraft:walk_on_water_one_cm":193465,"minecraft:total_world_time":82006,"minecraft:fall_one_cm":1339},"minecraft:killed":{"jujutsucraft:cursed_spirit_grade_32":6,"jujutsucraft:transfigured_human_3":1,"jujutsucraft:cursed_spirit_grade_31":1,"jujutsucraft:cursed_spirit_grade_33":4,"jujutsucraft:jujutsu_sorcerer":1,"jujutsucraft:nishimiya_momo":1,"jujutsucraft:cursed_spirit_grade_24":1,"minecraft:salmon":62,"jujutsucraft:cursed_spirit_grade_12":1,"jujutsucraft:fushiguro_megumi_shibuya":1,"minecraft:rabbit":6,"jujutsucraft:zenin_jinichi":2,"jujutsucraft:cursed_spirit_grade_09":1,"minecraft:bat":2,"jujutsucraft:cursed_spirit_grade_37":1,"jujutsucraft:cursed_spirit_grade_35":1,"jujutsucraft:cursed_spirit_grade_318":1,"minecraft:frog":1,"jujutsucraft:curse_user":1,"jujutsucraft:wooden_spear_2":1,"minecraft:squid":19,"jujutsucraft:cursed_spirit_grade_321":4,"minecraft:sheep":2,"jujutsucraft:cursed_spirit_grade_39":11,"jujutsucraft:cursed_spirit_grade_313":2,"jujutsucraft:cursed_spirit_grade_314":1,"jujutsucraft:cursed_spirit_grade_14":1,"jujutsucraft:crow":4,"jujutsucraft:cursed_spirit_grade_311":2,"jujutsucraft:sea_serpent":1,"jujutsucraft:cursed_spirit_grade_16":1,"jujutsucraft:cursed_spirit_grade_08":1,"jujutsucraft:cursed_spirit_grade_25":1,"jujutsucraft:cursed_spirit_grade_315":2,"jujutsucraft:cursed_spirit_grade_38":1,"jujutsucraft:cursed_spirit_grade_34":2,"jujutsucraft:cursed_spirit_grade_319":1,"jujutsucraft:cursed_spirit_grade_02":1,"minecraft:tropical_fish":12,"minecraft:camel":1,"minecraft:villager":1,"jujutsucraft:cursed_spirit_grade_27":1,"jujutsucraft:q":2,"jujutsucraft:wooden_ball_1":1},"minecraft:used":{"jujutsucraft:clothes_dagon_chestplate":2,"minecraft:moss_carpet":2,"minecraft:cactus":6,"minecraft:sandstone":3,"minecraft:grass":1,"jujutsucraft:clothes_zenin_2_leggings":1,"minecraft:dirt":1,"minecraft:sand":14,"jujutsucraft:uniform_gojo_boots":1,"minecraft:vine":5,"minecraft:obsidian":2,"minecraft:mud":8,"minecraft:grass_block":3,"minecraft:gravel":2,"jujutsucraft:clothes_dagon_helmet":1,"jujutsucraft:clothes_zenin_2_chestplate":1,"minecraft:mangrove_leaves":6}},"DataVersion":3465}