{"stats":{"minecraft:picked_up":{"minecraft:cactus":5,"minecraft:rabbit_hide":1,"minecraft:sand":12,"minecraft:rabbit":1},"minecraft:dropped":{"minecraft:rabbit_hide":1},"minecraft:killed_by":{"jujutsucraft:entity_water":1,"jujutsucraft:moon_dregs":1,"minecraft:player":3,"jujutsucraft:cursed_spirit_grade_23":1,"jujutsucraft:awasaka_jiro":1,"jujutsucraft:cursed_spirit_grade_214":3},"minecraft:mined":{"minecraft:sand":12},"minecraft:custom":{"minecraft:time_since_rest":469,"minecraft:open_chest":1,"minecraft:crouch_one_cm":9743,"minecraft:play_time":22006,"minecraft:sprint_one_cm":63077,"minecraft:deaths":10,"minecraft:damage_taken":4267,"minecraft:walk_one_cm":46734,"minecraft:sneak_time":2048,"minecraft:walk_under_water_one_cm":7084,"minecraft:mob_kills":26,"minecraft:drop":1,"minecraft:damage_dealt_resisted":2568,"minecraft:jump":542,"minecraft:damage_dealt":143,"minecraft:leave_game":2,"minecraft:walk_on_water_one_cm":13639,"minecraft:time_since_death":435,"minecraft:total_world_time":22006,"minecraft:swim_one_cm":3479,"minecraft:fall_one_cm":867,"minecraft:fly_one_cm":229810},"minecraft:used":{"jujutsucraft:clothes_dagon_helmet":1,"jujutsucraft:clothes_dagon_chestplate":1,"minecraft:sand":12,"minecraft:cactus":5},"minecraft:killed":{"jujutsucraft:cursed_spirit_grade_32":2,"minecraft:rabbit":4,"jujutsucraft:cursed_spirit_grade_39":1,"jujutsucraft:cursed_spirit_grade_313":1,"jujutsucraft:curse_user":1,"minecraft:tropical_fish":6,"minecraft:squid":1,"jujutsucraft:cursed_spirit_grade_321":2,"minecraft:sheep":2,"minecraft:salmon":4}},"DataVersion":3465}