{"stats":{"minecraft:picked_up":{"mineminenomi:challenge_poster":11,"minecraft:feather":2,"minecraft:chicken":2,"mineminenomi:handcuffs":1,"minecraft:oak_log":1,"minecraft:lily_pad":1,"mineminenomi:belly_pouch":7,"minecraft:dirt":12,"minecraft:lantern":1,"minecraft:white_carpet":1,"minecraft:wheat_seeds":3,"mineminenomi:kairoseki_bullet":6,"minecraft:glowstone_dust":5,"minecraft:sugar_cane":1,"mineminenomi:kairoseki_handcuffs":1,"mineminenomi:bullet":16,"mineminenomi:impact_dial":1,"minecraft:jungle_planks":2,"mineminenomi:eisen_dial":2,"minecraft:blue_carpet":1,"mineminenomi:breath_dial":1,"minecraft:mutton":1,"minecraft:white_wool":1},"minecraft:killed":{"mineminenomi:pirate_grunt":1,"minecraft:pig":1,"minecraft:sheep":1,"mineminenomi:gin":1},"minecraft:killed_by":{"mineminenomi:marine_grunt":4,"mineminenomi:pirate_grunt":18,"mineminenomi:bandit_grunt":2},"minecraft:used":{"mineminenomi:mera_mera_no_mi":1,"mineminenomi:flintlock":9,"mineminenomi:cleaver":3,"mineminenomi:striker":1,"minecraft:white_wool":1,"mineminenomi:impact_dial":3,"minecraft:dirt":11,"minecraft:mutton":1,"minecraft:white_carpet":1,"minecraft:crafting_table":1,"minecraft:jungle_planks":2,"mineminenomi:eisen_dial":2,"mineminenomi:kairoseki_bars":33,"minecraft:lantern":1,"minecraft:bread":4,"mineminenomi:hie_hie_no_mi":1,"mineminenomi:wanted_poster_package":12,"mineminenomi:broadsword":3,"mineminenomi:mace":5,"minecraft:glowstone":1,"mineminenomi:senriku":52,"mineminenomi:goro_goro_no_mi":1,"mineminenomi:breath_dial":2},"minecraft:custom":{"minecraft:mob_kills":5,"minecraft:play_one_minute":56137,"minecraft:leave_game":1,"minecraft:time_since_death":5555,"minecraft:climb_one_cm":4523,"minecraft:time_since_rest":5582,"minecraft:sprint_one_cm":97370,"minecraft:damage_taken":11403,"minecraft:walk_one_cm":89407,"minecraft:drop":22,"minecraft:damage_dealt":967,"minecraft:swim_one_cm":9462,"minecraft:fly_one_cm":138234,"minecraft:open_chest":30,"minecraft:crouch_one_cm":324,"minecraft:deaths":28,"minecraft:sneak_time":213,"minecraft:walk_under_water_one_cm":8186,"minecraft:jump":814,"minecraft:walk_on_water_one_cm":7975,"minecraft:fall_one_cm":25869},"minecraft:crafted":{"minecraft:oak_planks":4,"minecraft:crafting_table":1,"minecraft:glowstone":1},"minecraft:dropped":{"mineminenomi:kairoseki_handcuffs":2,"mineminenomi:breath_dial":2,"minecraft:wheat_seeds":3,"mineminenomi:flag":1,"minecraft:chicken":1,"mineminenomi:mace":1,"mineminenomi:eisen_dial":1,"mineminenomi:character_creator":2,"mineminenomi:kairoseki_bullet":12,"mineminenomi:kairoseki_bars":1,"mineminenomi:belly_pouch":1,"mineminenomi:challenge_poster":5},"minecraft:mined":{"minecraft:grass_block":6,"minecraft:jungle_planks":2,"mineminenomi:eisen_dial":2,"minecraft:sugar_cane":1,"minecraft:glowstone":2,"mineminenomi:wanted_poster_package":10,"minecraft:fire":2,"minecraft:white_carpet":1,"minecraft:grass":6,"minecraft:oak_log":1,"minecraft:dirt":4,"mineminenomi:impact_dial":2,"minecraft:oak_leaves":17}},"DataVersion":2586}