{"stats":{"minecraft:killed":{"zombie_extreme:crawler":1,"minecraft:husk":2,"undead_revamp2:thesmoker":1,"minecraft:zombie":18,"minecraft:drowned":1,"zombie_extreme:runner":2},"minecraft:broken":{"apocalypsenow:letter_opener":1},"minecraft:mined":{"farmersdelight:rice_bag":1,"create:millstone":1,"quark:oak_leaf_carpet":1,"create:fluid_tank":2,"minecraft:gray_stained_glass_pane":2,"minecraft:torch":3,"farmersdelight:straw_bale":2,"biomesoplenty:bush":2,"minecraft:gray_stained_glass":4,"minecraft:glass":1,"embellishcraft:gneiss_large_bricks_wall":1,"biomesoplenty:sprout":5,"pfm:oak_brown_simple_bed":3,"create:belt":1,"minecraft:moss_block":1,"minecraft:iron_door":1,"minecraft:wall_torch":1,"minecraft:spawner":5,"minecraft:black_stained_glass_pane":2,"create:shaft":1,"embellishcraft:vent_air_duct":1,"create:framed_glass_pane":3,"minecraft:sweet_berry_bush":1,"minecraft:gray_bed":1,"create:spout":1,"minecraft:smooth_stone_slab":1,"minecraft:grass":3,"create:vertical_framed_glass_pane":4,"quark:oak_hedge":1,"quark:dark_oak_hedge":2,"create:stressometer":1,"create:deployer":1,"minecraft:cobweb":12,"create:mechanical_press":1,"minecraft:white_wool":3,"minecraft:iron_trapdoor":2},"minecraft:killed_by":{"minecraft:player":1,"undead_revamp2:the_moonflower":3,"minecraft:drowned":1},"minecraft:dropped":{"create:belt_connector":1,"minecraft:sweet_berries":4,"contenttweaker:rubber":1,"minecraft:rotten_flesh":1,"quark:gray_shard":11,"chalk:red_chalk":1,"minecraft:torch":2,"apocalypsenow:rolling_pin":2,"minecraft:gray_bed":1,"minecraft:iron_door":2,"minecraft:potion":3,"apocalypsenow:construction_helmet":1,"minecraft:wooden_pickaxe":1,"ftbquests:book":1,"immersiveengineering:seed":4,"minecraft:bone":12,"minecraft:egg":2,"farmersdelight:straw_bale":4},"minecraft:custom":{"minecraft:interact_with_furnace":1,"lootr:looted_stat":13,"minecraft:mob_kills":25,"minecraft:toilet_used":1,"minecraft:open_barrel":2,"minecraft:stove_opened":4,"minecraft:interact_with_stonecutter":1,"minecraft:leave_game":1,"minecraft:time_since_death":2520,"minecraft:sleep_in_bed":3,"minecraft:climb_one_cm":17458,"minecraft:time_since_rest":2552,"minecraft:sprint_one_cm":160542,"minecraft:damage_taken":1966,"minecraft:walk_one_cm":185379,"minecraft:fridge_opened":4,"minecraft:drop":36,"minecraft:damage_dealt":6376,"minecraft:player_kills":4,"minecraft:swim_one_cm":955,"minecraft:fly_one_cm":261220,"minecraft:freezer_opened":7,"minecraft:crouch_one_cm":7840,"minecraft:play_time":92309,"minecraft:deaths":5,"minecraft:sneak_time":2854,"minecraft:walk_under_water_one_cm":741,"minecraft:jump":1316,"minecraft:interact_with_blast_furnace":1,"minecraft:drawer_searched":1,"minecraft:walk_on_water_one_cm":18567,"minecraft:total_world_time":92309,"minecraft:fall_one_cm":37037},"minecraft:picked_up":{"tac:round45":2,"farmersdelight:straw_bale":4,"create:fluid_tank":2,"minecraft:iron_trapdoor":2,"minecraft:iron_door":6,"create:spout":1,"apocalypsenow:rolling_pin":1,"minecraft:potion":1,"create:belt_connector":1,"contenttweaker:rubber":1,"minecraft:string":33,"minecraft:bone":12,"apocalypsenow:human_flesh":1,"create:mechanical_press":1,"create:shaft":2,"minecraft:glass_bottle":2,"tac:9mm_round":4,"minecraft:moss_block":1,"minecraft:gray_bed":1,"minecraft:sweet_berries":4,"chalk:red_chalk":1,"minecraft:torch":6,"create:hand_crank":2,"create:deployer":1,"create:millstone":1,"minecraft:rotten_flesh":1,"immersiveengineering:seed":4,"createaddition:barbed_wire":1,"pfm:oak_brown_simple_bed":3,"farmersdelight:rice_bag":1,"quark:gray_shard":11,"apocalypsenow:construction_helmet":1,"create:stressometer":1,"minecraft:white_wool":3},"minecraft:used":{"minecraft:moss_block":1,"pfm:oak_brown_simple_bed":2,"apocalypsenow:electric_baton":9,"minecraft:glass_bottle":2,"minecraft:wooden_pickaxe":36,"minecraft:white_wool":7,"minecraft:torch":12,"minecraft:golden_apple":1,"minecraft:snowball":1,"apocalypsenow:tatical_mace":95,"minecraft:bread":3,"cgm:grenade":1,"carryon:entity_item":4,"chalk:red_chalk":61,"minecraft:sweet_berries":2,"minecraft:potion":8,"minecraft:iron_trapdoor":1,"apocalypsenow:letter_opener":118,"apocalypsenow:gardening_scissors":20}},"DataVersion":2975}