{"stats":{"minecraft:used":{"trueprimepiece:daibutsu":1,"trueprimepiece:basic_snail":1,"trueprimepiece:luffy_spawn_egg":1,"trueprimepiece:akainu_spawn_egg":1,"trueprimepiece:vanquisher_sword":2,"trueprimepiece:nami_spawn_egg":1,"trueprimepiece:robin_pre_ts_spawn_egg":1,"minecraft:dirt":1,"trueprimepiece:pre_ts_nami_spawn_egg":1,"trueprimepiece:yami_fruit":3,"trueprimepiece:goro_goro":3,"trueprimepiece:bisento":52},"minecraft:mined":{"minecraft:birch_leaves":2,"minecraft:grass":1,"minecraft:grass_block":2,"minecraft:oak_leaves":11},"minecraft:killed":{"trueprimepiece:ladybug":1,"trueprimepiece:pirate":1,"minecraft:donkey":1,"minecraft:pig":2,"trueprimepiece:wapol":1,"minecraft:salmon":1,"minecraft:spider":1,"trueprimepiece:kung_fu_dugong":3,"trueprimepiece:female_pirate":2},"minecraft:custom":{"minecraft:time_since_rest":5341,"minecraft:sprint_one_cm":17612,"minecraft:damage_taken":6869,"minecraft:walk_one_cm":30483,"minecraft:mob_kills":13,"minecraft:drop":4,"minecraft:damage_dealt":2689,"minecraft:swim_one_cm":2265,"minecraft:fly_one_cm":32180,"minecraft:play_one_minute":17521,"minecraft:deaths":3,"minecraft:sneak_time":19,"minecraft:walk_under_water_one_cm":1279,"minecraft:damage_dealt_resisted":15,"minecraft:jump":251,"minecraft:time_since_death":5313,"minecraft:walk_on_water_one_cm":2675,"minecraft:damage_resisted":134,"minecraft:fall_one_cm":3164},"minecraft:picked_up":{"trueprimepiece:hie_fruit":2,"trueprimepiece:mochi_mochi":2,"trueprimepiece:goro_goro":2,"trueprimepiece:yami_fruit":1,"minecraft:porkchop":5,"trueprimepiece:merameranomi":2,"trueprimepiece:kage_fruit":2,"trueprimepiece:tori_torinomi":2,"minecraft:dirt":2,"minecraft:wheat_seeds":1,"trueprimepiece:basic_snail":1,"trueprimepiece:beli":3,"trueprimepiece:bullet":9,"minecraft:oak_sapling":1,"minecraft:birch_sapling":1,"trueprimepiece:magueaten":2,"trueprimepiece:nikyu":2},"minecraft:dropped":{"trueprimepiece:vanquisher_sword":1,"minecraft:birch_sapling":1,"minecraft:oak_sapling":1,"trueprimepiece:daibutsu":1},"minecraft:killed_by":{"trueprimepiece:kung_fu_dugong":1}},"DataVersion":2586}