{"stats":{"minecraft:crafted":{"jujutsucraft:cursed_technique_starter":1},"minecraft:picked_up":{"minecraft:mud":65,"minecraft:packed_ice":4,"jujutsucraft:clothes_zenin_boots":1,"jujutsucraft:sword_black":1,"minecraft:sugar_cane":6,"minecraft:stick":4,"minecraft:sandstone":8,"minecraft:stone":16,"minecraft:vine":39,"minecraft:tropical_fish":6,"minecraft:mangrove_roots":8,"jujutsucraft:hammer":1,"jujutsucraft:recommendation_2":1,"jujutsucraft:clothes_uro_chestplate":1,"minecraft:muddy_mangrove_roots":1,"minecraft:salmon":11,"jujutsucraft:clothes_reggie_star_chestplate":1,"minecraft:dirt":3,"minecraft:rabbit_hide":2,"minecraft:rabbit":2,"minecraft:sand":29,"minecraft:dead_bush":1,"minecraft:ink_sac":3,"minecraft:grass_block":1,"minecraft:mangrove_leaves":36,"minecraft:grass":4,"minecraft:bone_meal":1,"minecraft:mangrove_propagule":12},"minecraft:dropped":{"minecraft:vine":2,"minecraft:mangrove_leaves":12,"minecraft:grass":2,"minecraft:sand":9,"minecraft:sugar_cane":3,"jujutsucraft:item_master_falling_blossom_emotion":1,"jujutsucraft:hammer":1,"jujutsucraft:uniform_normal_boots":1},"minecraft:killed_by":{"jujutsucraft:cursed_spirit_grade_14":1,"jujutsucraft:cursed_spirit_grade_312":1,"jujutsucraft:kenjaku":1,"jujutsucraft:cursed_spirit_grade_28":1,"jujutsucraft:cursed_spirit_grade_110":2,"jujutsucraft:curse_user":1,"jujutsucraft:sukuna_fushiguro":3,"jujutsucraft:sukuna_perfect":1,"jujutsucraft:negi_toshihisa":1},"minecraft:mined":{"minecraft:mangrove_roots":1,"minecraft:dead_bush":1,"minecraft:sugar_cane":1,"minecraft:grass":1,"minecraft:sand":15},"minecraft:custom":{"minecraft:mob_kills":1220,"minecraft:damage_dealt_resisted":1057964,"minecraft:leave_game":5,"minecraft:time_since_death":6965,"minecraft:climb_one_cm":2034,"minecraft:damage_resisted":56584,"minecraft:sprint_one_cm":192740,"minecraft:walk_one_cm":569052,"minecraft:drop":8,"minecraft:play_time":124011,"minecraft:deaths":13,"minecraft:sneak_time":15972,"minecraft:walk_under_water_one_cm":120718,"minecraft:jump":1495,"minecraft:walk_on_water_one_cm":191241,"minecraft:total_world_time":124011,"minecraft:time_since_rest":7034,"minecraft:damage_taken":17393,"minecraft:damage_dealt":30891,"minecraft:swim_one_cm":75139,"minecraft:player_kills":3,"minecraft:fly_one_cm":798040,"minecraft:open_chest":1,"minecraft:crouch_one_cm":65882,"minecraft:fall_one_cm":91834},"minecraft:used":{"minecraft:tropical_fish":3,"minecraft:stone":10,"minecraft:dirt":2,"jujutsucraft:sukuna_finger":22,"jujutsucraft:mahoraga_body_chestplate":1,"jujutsucraft:mahoraga_body_helmet":1,"jujutsucraft:clothes_zenin_boots":1,"minecraft:packed_ice":4,"minecraft:muddy_mangrove_roots":1,"minecraft:grass_block":1,"minecraft:golden_carrot":8,"minecraft:mangrove_roots":2,"minecraft:mangrove_leaves":16,"minecraft:rabbit":2,"minecraft:sandstone":8,"minecraft:salmon":11,"minecraft:sand":9,"minecraft:mud":1,"jujutsucraft:mahoraga_body_leggings":1,"minecraft:mangrove_propagule":1},"minecraft:killed":{"jujutsucraft:mimiko":4,"jujutsucraft:cursed_spirit_grade_32":24,"jujutsucraft:transfigured_human_3":18,"jujutsucraft:inumaki_toge":1,"jujutsucraft:cursed_spirit_grade_21":10,"jujutsucraft:cursed_spirit_grade_31":7,"jujutsucraft:cursed_spirit_grade_33":35,"jujutsucraft:dhruv_lakdawalla":3,"jujutsucraft:reggie_star":3,"jujutsucraft:ishigori_ryu":1,"jujutsucraft:daido_hagane":3,"jujutsucraft:zenin_naobito":3,"jujutsucraft:nanako":4,"jujutsucraft:cursed_spirit_grade_11":9,"jujutsucraft:charles_bernard":4,"jujutsucraft:yorozu":1,"jujutsucraft:doll_1":5,"jujutsucraft:zenin_naoya":6,"jujutsucraft:cursed_spirit_grade_12":2,"jujutsucraft:cursed_spirit_grade_24":13,"jujutsucraft:tsukumo_yuki":1,"jujutsucraft:miguel":1,"jujutsucraft:fushiguro_megumi_shibuya":2,"jujutsucraft:cursed_spirit_grade_37":3,"jujutsucraft:cursed_spirit_grade_35":11,"jujutsucraft:yoshino_junpei":3,"jujutsucraft:cursed_spirit_grade_318":51,"jujutsucraft:mahito":3,"jujutsucraft:cursed_spirit_grade_316":11,"jujutsucraft:cursed_spirit_grade_26":11,"jujutsucraft:geto_suguru":1,"minecraft:dolphin":2,"jujutsucraft:kumiya_juzo":1,"jujutsucraft:cursed_spirit_grade_22":3,"jujutsucraft:transfigured_human_2":13,"jujutsucraft:cursed_spirit_grade_01":3,"jujutsucraft:zenin_naoya_cursed_spirit_1":1,"jujutsucraft:cursed_spirit_grade_04":1,"jujutsucraft:miwa_kasumi":6,"jujutsucraft:cursed_spirit_grade_05":1,"jujutsucraft:cursed_spirit_grade_39":107,"jujutsucraft:shigemo_haruta":7,"jujutsucraft:okkotsu_yuta":3,"jujutsucraft:cursed_spirit_grade_312":13,"jujutsucraft:cursed_spirit_grade_313":20,"jujutsucraft:cursed_spirit_grade_215":7,"jujutsucraft:larue":3,"minecraft:chicken":1,"jujutsucraft:cursed_spirit_grade_15":5,"jujutsucraft:kechizu":5,"jujutsucraft:sea_serpent":32,"jujutsucraft:cursed_spirit_grade_19":4,"jujutsucraft:cursed_spirit_grade_16":7,"jujutsucraft:fushiguro_toji":1,"jujutsucraft:gojo_satoru_school_days":1,"jujutsucraft:panda_normal":2,"jujutsucraft:rozetsu_shikigami":10,"jujutsucraft:fist":6,"jujutsucraft:itadori_yuji_shibuya":1,"jujutsucraft:cursed_spirit_grade_08":6,"jujutsucraft:cursed_spirit_grade_23":8,"jujutsucraft:cursed_spirit_grade_214":6,"jujutsucraft:zenin_ogi":3,"jujutsucraft:eso":2,"jujutsucraft:cursed_spirit_grade_317":52,"jujutsucraft:cursed_spirit_grade_38":22,"jujutsucraft:cursed_spirit_grade_34":57,"jujutsucraft:nanami_kento":1,"jujutsucraft:transfigured_human_1":3,"jujutsucraft:higuruma_hiromi":2,"jujutsucraft:kurusu_hana":4,"jujutsucraft:miyo_rokujushi":2,"jujutsucraft:nobara_kugisaki":2,"minecraft:tropical_fish":6,"jujutsucraft:cursed_spirit_grade_27":6,"jujutsucraft:mei_mei":4,"jujutsucraft:zenin_naoya_cursed_spirit_2":1,"jujutsucraft:hazenoki":3,"jujutsucraft:okkotsu_yuta_culling_game":3,"jujutsucraft:kusakabe_yatsuya":2,"jujutsucraft:dagon_2":1,"jujutsucraft:uraume":2,"jujutsucraft:eight_handled_swrod_divergent_sila_divine_general_mahoraga":1,"jujutsucraft:cursed_spirit_grade_210":12,"jujutsucraft:zenin_chojuro":5,"jujutsucraft:dagon_1":1,"jujutsucraft:kukuru":7,"jujutsucraft:jujutsu_sorcerer":19,"jujutsucraft:nishimiya_momo":2,"minecraft:salmon":2,"jujutsucraft:itadori_yuji_shinjuku":1,"jujutsucraft:cursed_spirit_grade_213":7,"jujutsucraft:awasaka_jiro":1,"minecraft:rabbit":3,"jujutsucraft:zenin_jinichi":1,"jujutsucraft:choso":2,"jujutsucraft:zenin_maki":4,"jujutsucraft:curse_user_1":9,"jujutsucraft:cursed_spirit_grade_211":4,"jujutsucraft:hakari_kinji":2,"jujutsucraft:zenin_ranta":4,"jujutsucraft:curse_user":16,"jujutsucraft:cursed_spirit_grade_07":1,"jujutsucraft:yaga_masamichi":1,"minecraft:squid":8,"jujutsucraft:cursed_spirit_grade_321":22,"jujutsucraft:zenin_naoya_cursed_spirit_3":1,"jujutsucraft:panda_gorilla":1,"jujutsucraft:jogo":1,"jujutsucraft:cursed_spirit_grade_29":11,"jujutsucraft:cursed_spirit_grade_28":6,"jujutsucraft:rozetsu":6,"jujutsucraft:cursed_spirit_grade_314":37,"jujutsucraft:garuda_ball":1,"jujutsucraft:kenjaku":2,"jujutsucraft:cursed_spirit_grade_14":7,"jujutsucraft:cursed_spirit_grade_311":16,"jujutsucraft:cursed_spirit_grade_310":26,"jujutsucraft:cursed_spirit_grade_13":1,"jujutsucraft:negi_toshihisa":3,"jujutsucraft:miguel_dancer":1,"jujutsucraft:cursed_spirit_grade_18":4,"jujutsucraft:cursed_spirit_grade_17":4,"jujutsucraft:cursed_spirit_grade_36":38,"jujutsucraft:todo_aoi":3,"jujutsucraft:uro_takako":2,"jujutsucraft:cursed_spirit_grade_25":9,"jujutsucraft:hanami":1,"jujutsucraft:moon_dregs":5,"jujutsucraft:cursed_spirit_grade_110":3,"jujutsucraft:kashimo_hajime":5,"jujutsucraft:cursed_spirit_grade_315":43,"jujutsucraft:geto_suguru_curse_user":2,"jujutsucraft:cursed_spirit_grade_212":11,"jujutsucraft:hoshi_kirara":1,"jujutsucraft:rika":1,"jujutsucraft:cursed_spirit_grade_319":24,"jujutsucraft:killer_1":1,"jujutsucraft:cursed_spirit_grade_02":1,"jujutsucraft:cursed_spirit_grade_322":49,"jujutsucraft:cursed_spirit_grade_06":4,"jujutsucraft:kamo_noritoshi":5,"jujutsucraft:ino_takuma":1,"jujutsucraft:q":6,"jujutsucraft:fushiguro_megumi":3,"jujutsucraft:ogami":2}},"DataVersion":3465}