{"stats":{"minecraft:picked_up":{"mineminenomi:kairoseki_handcuffs":1,"mineminenomi:bullet":22,"mineminenomi:challenge_poster":2,"mineminenomi:impact_dial":1,"mineminenomi:mace":1,"mineminenomi:character_creator":2,"minecraft:jungle_planks":4,"mineminenomi:eisen_dial":1,"mineminenomi:belly_pouch":2,"mineminenomi:kuma_pants":1,"mineminenomi:kuma_boots":1,"minecraft:dirt":11,"minecraft:red_bed":2,"minecraft:white_carpet":1,"mineminenomi:kuma_shirt":1,"mineminenomi:flag":1,"mineminenomi:kairoseki_bullet":6,"minecraft:wheat_seeds":3,"mineminenomi:kairoseki_bars":1,"mineminenomi:flintlock":2},"minecraft:killed":{"mineminenomi:pirate_grunt":5,"minecraft:chicken":2,"minecraft:salmon":14,"mineminenomi:mr_0":1,"mineminenomi:bandit_grunt":5,"mineminenomi:marine_grunt":1,"minecraft:squid":4},"minecraft:killed_by":{"mineminenomi:marine_grunt":2,"mineminenomi:pirate_grunt":6},"minecraft:broken":{"mineminenomi:cigarette":1},"minecraft:used":{"mineminenomi:kairoseki_bars":1,"minecraft:apple":2,"minecraft:melon_slice":7,"minecraft:bread":3,"mineminenomi:flintlock":11,"mineminenomi:yami_yami_no_mi":2,"mineminenomi:broadsword":15,"minecraft:cookie":3,"minecraft:dirt":7,"mineminenomi:tori_tori_no_mi_model_phoenix":1,"mineminenomi:senriku":50,"minecraft:jungle_planks":3,"mineminenomi:breath_dial":1},"minecraft:custom":{"minecraft:time_since_rest":12241,"minecraft:sprint_one_cm":109218,"minecraft:damage_taken":6308,"minecraft:walk_one_cm":156136,"minecraft:mob_kills":30,"minecraft:drop":9,"minecraft:damage_dealt":4622,"minecraft:swim_one_cm":1339,"minecraft:fly_one_cm":157918,"minecraft:open_chest":22,"minecraft:play_one_minute":59758,"minecraft:crouch_one_cm":3889,"minecraft:deaths":13,"minecraft:sneak_time":1662,"minecraft:walk_under_water_one_cm":811,"minecraft:jump":721,"minecraft:leave_game":3,"minecraft:time_since_death":12214,"minecraft:walk_on_water_one_cm":3789,"minecraft:climb_one_cm":231,"minecraft:fall_one_cm":33284},"minecraft:dropped":{"mineminenomi:kairoseki_handcuffs":1,"minecraft:red_bed":1,"mineminenomi:impact_dial":1,"mineminenomi:kuma_boots":1,"minecraft:jungle_planks":1,"mineminenomi:kairoseki_bullet":6,"mineminenomi:kuma_pants":1,"mineminenomi:belly_pouch":1,"mineminenomi:kuma_shirt":1},"minecraft:mined":{"minecraft:red_bed":2,"mineminenomi:breath_dial":1,"minecraft:fire":11,"minecraft:birch_leaves":1,"minecraft:grass":2,"minecraft:grass_block":8,"minecraft:jungle_planks":4,"minecraft:sand":1,"minecraft:dirt":5,"minecraft:oak_leaves":2}},"DataVersion":2586}