{"stats":{"minecraft:crafted":{"jujutsucraft:cursed_technique_starter":1},"minecraft:picked_up":{"jujutsucraft:recommendation_2":1,"minecraft:mud":65,"minecraft:muddy_mangrove_roots":1,"minecraft:salmon":11,"minecraft:packed_ice":4,"jujutsucraft:clothes_reggie_star_chestplate":1,"jujutsucraft:clothes_zenin_boots":1,"minecraft:dirt":3,"jujutsucraft:sword_black":1,"minecraft:rabbit_hide":2,"minecraft:rabbit":2,"minecraft:sugar_cane":6,"minecraft:stick":4,"minecraft:sandstone":8,"minecraft:stone":16,"minecraft:sand":29,"minecraft:grass_block":1,"minecraft:ink_sac":3,"minecraft:dead_bush":1,"minecraft:vine":39,"minecraft:mangrove_leaves":36,"minecraft:tropical_fish":6,"jujutsucraft:hammer":1,"minecraft:grass":4,"minecraft:bone_meal":1,"minecraft:mangrove_roots":8,"minecraft:mangrove_propagule":12},"minecraft:dropped":{"minecraft:vine":2,"minecraft:sugar_cane":3,"minecraft:mangrove_leaves":12,"minecraft:grass":2,"jujutsucraft:hammer":1,"minecraft:sand":9,"jujutsucraft:uniform_normal_boots":1},"minecraft:killed_by":{"jujutsucraft:sukuna_fushiguro":1,"jujutsucraft:cursed_spirit_grade_14":1,"jujutsucraft:kenjaku":1,"jujutsucraft:cursed_spirit_grade_312":1,"jujutsucraft:negi_toshihisa":1,"jujutsucraft:cursed_spirit_grade_28":1,"jujutsucraft:cursed_spirit_grade_110":2,"jujutsucraft:curse_user":1},"minecraft:mined":{"minecraft:mangrove_roots":1,"minecraft:dead_bush":1,"minecraft:sugar_cane":1,"minecraft:grass":1,"minecraft:sand":15},"minecraft:custom":{"minecraft:mob_kills":183,"minecraft:damage_dealt_resisted":155139,"minecraft:leave_game":3,"minecraft:time_since_death":4981,"minecraft:climb_one_cm":2034,"minecraft:damage_resisted":33560,"minecraft:time_since_rest":5326,"minecraft:sprint_one_cm":190667,"minecraft:damage_taken":11635,"minecraft:walk_one_cm":504293,"minecraft:drop":7,"minecraft:damage_dealt":29882,"minecraft:swim_one_cm":75139,"minecraft:fly_one_cm":694957,"minecraft:player_kills":3,"minecraft:open_chest":1,"minecraft:crouch_one_cm":61552,"minecraft:play_time":100165,"minecraft:deaths":10,"minecraft:sneak_time":14142,"minecraft:walk_under_water_one_cm":120718,"minecraft:jump":1410,"minecraft:walk_on_water_one_cm":191241,"minecraft:total_world_time":100165,"minecraft:fall_one_cm":88744},"minecraft:used":{"minecraft:rabbit":2,"minecraft:tropical_fish":3,"minecraft:stone":10,"minecraft:sandstone":8,"minecraft:salmon":11,"minecraft:dirt":2,"minecraft:sand":9,"jujutsucraft:clothes_zenin_boots":1,"minecraft:mud":1,"minecraft:packed_ice":4,"minecraft:muddy_mangrove_roots":1,"minecraft:grass_block":1,"minecraft:mangrove_propagule":1,"minecraft:golden_carrot":8,"minecraft:mangrove_roots":1,"minecraft:mangrove_leaves":16},"minecraft:killed":{"jujutsucraft:mimiko":1,"jujutsucraft:cursed_spirit_grade_32":4,"jujutsucraft:eight_handled_swrod_divergent_sila_divine_general_mahoraga":1,"jujutsucraft:transfigured_human_3":1,"jujutsucraft:reggie_star":1,"jujutsucraft:daido_hagane":1,"jujutsucraft:nanako":1,"jujutsucraft:cursed_spirit_grade_24":2,"jujutsucraft:zenin_jinichi":1,"jujutsucraft:cursed_spirit_grade_37":1,"jujutsucraft:cursed_spirit_grade_35":1,"jujutsucraft:cursed_spirit_grade_318":2,"jujutsucraft:cursed_spirit_grade_316":2,"jujutsucraft:cursed_spirit_grade_26":2,"jujutsucraft:zenin_ranta":1,"jujutsucraft:curse_user":3,"jujutsucraft:transfigured_human_2":2,"jujutsucraft:cursed_spirit_grade_321":8,"jujutsucraft:cursed_spirit_grade_39":12,"jujutsucraft:cursed_spirit_grade_312":1,"jujutsucraft:cursed_spirit_grade_314":7,"jujutsucraft:cursed_spirit_grade_215":2,"jujutsucraft:cursed_spirit_grade_311":3,"jujutsucraft:cursed_spirit_grade_310":6,"jujutsucraft:cursed_spirit_grade_15":1,"jujutsucraft:negi_toshihisa":2,"jujutsucraft:sea_serpent":32,"jujutsucraft:cursed_spirit_grade_16":1,"jujutsucraft:cursed_spirit_grade_36":5,"jujutsucraft:fist":6,"jujutsucraft:panda_normal":1,"jujutsucraft:rozetsu_shikigami":1,"jujutsucraft:cursed_spirit_grade_214":1,"jujutsucraft:cursed_spirit_grade_25":1,"jujutsucraft:moon_dregs":1,"jujutsucraft:cursed_spirit_grade_317":6,"jujutsucraft:cursed_spirit_grade_315":7,"jujutsucraft:cursed_spirit_grade_212":3,"jujutsucraft:cursed_spirit_grade_38":4,"jujutsucraft:cursed_spirit_grade_34":10,"jujutsucraft:cursed_spirit_grade_319":5,"jujutsucraft:killer_1":1,"jujutsucraft:cursed_spirit_grade_322":7,"jujutsucraft:higuruma_hiromi":1,"jujutsucraft:cursed_spirit_grade_06":1,"minecraft:tropical_fish":4,"jujutsucraft:cursed_spirit_grade_27":1,"jujutsucraft:q":1}},"DataVersion":3465}