{"stats":{"minecraft:crafted":{"jujutsucraft:cursed_technique_starter":1},"minecraft:picked_up":{"jujutsucraft:recommendation_2":1,"minecraft:mud":13,"minecraft:salmon":6,"jujutsucraft:clothes_reggie_star_chestplate":1,"minecraft:rabbit_hide":2,"minecraft:rabbit":2,"minecraft:sugar_cane":3,"minecraft:stick":2,"minecraft:sandstone":7,"minecraft:sand":27,"minecraft:ink_sac":3,"minecraft:dead_bush":1,"minecraft:vine":23,"minecraft:mangrove_leaves":23,"minecraft:tropical_fish":3,"jujutsucraft:hammer":1,"minecraft:grass":3,"minecraft:bone_meal":1,"minecraft:mangrove_roots":1,"minecraft:mangrove_propagule":7},"minecraft:dropped":{"minecraft:vine":2,"minecraft:sugar_cane":3,"minecraft:mangrove_leaves":12,"minecraft:grass":2,"jujutsucraft:hammer":1,"minecraft:sand":9},"minecraft:killed_by":{"jujutsucraft:cursed_spirit_grade_14":1,"jujutsucraft:cursed_spirit_grade_312":1,"jujutsucraft:negi_toshihisa":1,"jujutsucraft:cursed_spirit_grade_28":1,"jujutsucraft:cursed_spirit_grade_110":2,"jujutsucraft:curse_user":1},"minecraft:mined":{"minecraft:mangrove_roots":1,"minecraft:dead_bush":1,"minecraft:sugar_cane":1,"minecraft:grass":1,"minecraft:sand":15},"minecraft:custom":{"minecraft:mob_kills":163,"minecraft:damage_dealt_resisted":127407,"minecraft:leave_game":2,"minecraft:time_since_death":64553,"minecraft:climb_one_cm":2022,"minecraft:damage_resisted":21258,"minecraft:time_since_rest":64579,"minecraft:sprint_one_cm":175436,"minecraft:damage_taken":8558,"minecraft:walk_one_cm":431113,"minecraft:drop":6,"minecraft:damage_dealt":26573,"minecraft:swim_one_cm":71241,"minecraft:fly_one_cm":569745,"minecraft:player_kills":3,"minecraft:open_chest":1,"minecraft:crouch_one_cm":47355,"minecraft:play_time":84766,"minecraft:deaths":8,"minecraft:sneak_time":12129,"minecraft:walk_under_water_one_cm":97470,"minecraft:jump":1162,"minecraft:walk_on_water_one_cm":160412,"minecraft:total_world_time":84766,"minecraft:fall_one_cm":67822},"minecraft:used":{"minecraft:rabbit":2,"minecraft:tropical_fish":3,"minecraft:sandstone":7,"minecraft:salmon":6,"minecraft:sand":9,"minecraft:mud":1,"minecraft:mangrove_propagule":1,"minecraft:golden_carrot":8,"minecraft:mangrove_roots":1,"minecraft:mangrove_leaves":11},"minecraft:killed":{"jujutsucraft:mimiko":1,"jujutsucraft:cursed_spirit_grade_32":4,"jujutsucraft:eight_handled_swrod_divergent_sila_divine_general_mahoraga":1,"jujutsucraft:transfigured_human_3":1,"jujutsucraft:reggie_star":1,"jujutsucraft:daido_hagane":1,"jujutsucraft:nanako":1,"jujutsucraft:cursed_spirit_grade_24":2,"jujutsucraft:cursed_spirit_grade_37":1,"jujutsucraft:cursed_spirit_grade_35":1,"jujutsucraft:cursed_spirit_grade_318":2,"jujutsucraft:cursed_spirit_grade_316":2,"jujutsucraft:cursed_spirit_grade_26":1,"jujutsucraft:zenin_ranta":1,"jujutsucraft:curse_user":3,"jujutsucraft:transfigured_human_2":2,"jujutsucraft:cursed_spirit_grade_321":8,"jujutsucraft:cursed_spirit_grade_39":9,"jujutsucraft:cursed_spirit_grade_312":1,"jujutsucraft:cursed_spirit_grade_314":7,"jujutsucraft:cursed_spirit_grade_215":2,"jujutsucraft:cursed_spirit_grade_311":3,"jujutsucraft:cursed_spirit_grade_310":6,"jujutsucraft:negi_toshihisa":2,"jujutsucraft:sea_serpent":30,"jujutsucraft:cursed_spirit_grade_16":1,"jujutsucraft:cursed_spirit_grade_36":5,"jujutsucraft:fist":1,"jujutsucraft:panda_normal":1,"jujutsucraft:rozetsu_shikigami":1,"jujutsucraft:cursed_spirit_grade_214":1,"jujutsucraft:cursed_spirit_grade_25":1,"jujutsucraft:moon_dregs":1,"jujutsucraft:cursed_spirit_grade_317":6,"jujutsucraft:cursed_spirit_grade_315":7,"jujutsucraft:cursed_spirit_grade_212":1,"jujutsucraft:cursed_spirit_grade_38":4,"jujutsucraft:cursed_spirit_grade_34":10,"jujutsucraft:cursed_spirit_grade_319":5,"jujutsucraft:killer_1":1,"jujutsucraft:cursed_spirit_grade_322":7,"jujutsucraft:cursed_spirit_grade_06":1,"minecraft:tropical_fish":4,"jujutsucraft:cursed_spirit_grade_27":1,"jujutsucraft:q":1}},"DataVersion":3465}