{"stats":{"minecraft:picked_up":{"mineminenomi:bullet":12,"minecraft:wheat_seeds":3,"mineminenomi:belly_pouch":2,"minecraft:dirt":9},"minecraft:killed":{"mineminenomi:pirate_grunt":3,"mineminenomi:marine_grunt":1,"minecraft:chicken":2},"minecraft:killed_by":{"mineminenomi:marine_grunt":2,"mineminenomi:pirate_grunt":5},"minecraft:used":{"minecraft:dirt":7},"minecraft:custom":{"minecraft:open_chest":4,"minecraft:time_since_rest":3275,"minecraft:play_one_minute":12367,"minecraft:crouch_one_cm":3073,"minecraft:sprint_one_cm":29313,"minecraft:walk_one_cm":18982,"minecraft:damage_taken":2175,"minecraft:deaths":7,"minecraft:sneak_time":1082,"minecraft:walk_under_water_one_cm":412,"minecraft:mob_kills":5,"minecraft:jump":302,"minecraft:damage_dealt":527,"minecraft:time_since_death":3248,"minecraft:walk_on_water_one_cm":2649,"minecraft:climb_one_cm":203,"minecraft:swim_one_cm":206,"minecraft:fall_one_cm":10161,"minecraft:fly_one_cm":54538},"minecraft:mined":{"minecraft:grass_block":6,"minecraft:dirt":5,"minecraft:birch_leaves":1,"minecraft:oak_leaves":1}},"DataVersion":2586}