{"stats":{"minecraft:crafted":{"jujutsucraft:cursed_technique_starter":1},"minecraft:picked_up":{"minecraft:stick":2,"minecraft:mud":1,"minecraft:salmon":2,"minecraft:sand":17,"minecraft:dead_bush":1,"minecraft:vine":5,"minecraft:mangrove_leaves":2,"minecraft:tropical_fish":3,"minecraft:grass":2,"jujutsucraft:hammer":1,"minecraft:bone_meal":1,"minecraft:mangrove_propagule":2},"minecraft:dropped":{"jujutsucraft:hammer":1},"minecraft:killed_by":{"jujutsucraft:cursed_spirit_grade_110":2,"jujutsucraft:cursed_spirit_grade_14":1,"jujutsucraft:cursed_spirit_grade_312":1,"jujutsucraft:negi_toshihisa":1,"jujutsucraft:curse_user":1,"jujutsucraft:cursed_spirit_grade_28":1},"minecraft:mined":{"minecraft:dead_bush":1,"minecraft:sand":15},"minecraft:custom":{"minecraft:time_since_rest":28696,"minecraft:sprint_one_cm":132222,"minecraft:damage_taken":4324,"minecraft:walk_one_cm":316346,"minecraft:mob_kills":97,"minecraft:drop":1,"minecraft:damage_dealt":14182,"minecraft:swim_one_cm":12543,"minecraft:fly_one_cm":309568,"minecraft:player_kills":2,"minecraft:open_chest":1,"minecraft:crouch_one_cm":19606,"minecraft:play_time":48883,"minecraft:deaths":8,"minecraft:sneak_time":5489,"minecraft:walk_under_water_one_cm":32468,"minecraft:jump":694,"minecraft:damage_dealt_resisted":32912,"minecraft:leave_game":1,"minecraft:time_since_death":28670,"minecraft:walk_on_water_one_cm":28252,"minecraft:climb_one_cm":804,"minecraft:total_world_time":48883,"minecraft:damage_resisted":5307,"minecraft:fall_one_cm":36565},"minecraft:used":{"minecraft:tropical_fish":3,"minecraft:mangrove_propagule":1,"minecraft:salmon":2,"minecraft:sand":1},"minecraft:killed":{"jujutsucraft:mimiko":1,"jujutsucraft:cursed_spirit_grade_32":4,"jujutsucraft:transfigured_human_3":1,"jujutsucraft:cursed_spirit_grade_39":7,"jujutsucraft:cursed_spirit_grade_312":1,"jujutsucraft:cursed_spirit_grade_314":7,"jujutsucraft:cursed_spirit_grade_215":1,"jujutsucraft:cursed_spirit_grade_311":2,"jujutsucraft:cursed_spirit_grade_310":6,"jujutsucraft:nanako":1,"jujutsucraft:negi_toshihisa":2,"jujutsucraft:cursed_spirit_grade_24":1,"jujutsucraft:cursed_spirit_grade_36":3,"jujutsucraft:panda_normal":1,"jujutsucraft:rozetsu_shikigami":1,"jujutsucraft:cursed_spirit_grade_37":1,"jujutsucraft:cursed_spirit_grade_214":1,"jujutsucraft:cursed_spirit_grade_35":1,"jujutsucraft:cursed_spirit_grade_38":1,"jujutsucraft:cursed_spirit_grade_212":1,"jujutsucraft:cursed_spirit_grade_318":1,"jujutsucraft:cursed_spirit_grade_34":7,"jujutsucraft:cursed_spirit_grade_317":6,"jujutsucraft:cursed_spirit_grade_315":3,"jujutsucraft:cursed_spirit_grade_316":2,"jujutsucraft:cursed_spirit_grade_26":1,"jujutsucraft:cursed_spirit_grade_319":5,"jujutsucraft:transfigured_human_2":2,"jujutsucraft:curse_user":3,"jujutsucraft:cursed_spirit_grade_322":7,"minecraft:tropical_fish":4,"jujutsucraft:cursed_spirit_grade_27":1,"jujutsucraft:q":1,"jujutsucraft:cursed_spirit_grade_321":8}},"DataVersion":3465}