{"stats":{"minecraft:crafted":{"minecraft:oak_planks":8,"minecraft:crafting_table":1,"minecraft:campfire":1,"minecraft:stone_axe":1,"minecraft:air":8,"farmersdelight:fried_egg":13,"minecraft:stone_pickaxe":1},"minecraft:killed":{"zombie_extreme:crawler":1,"minecraft:husk":1,"minecraft:zombie_villager":1,"hordes:zombie_player":1,"undead_revamp2:thesmoker":1,"minecraft:zombie":6,"zombie_extreme:infected_police":1,"zombie_extreme:runner":2},"minecraft:broken":{"minecraft:leather_chestplate":1},"minecraft:mined":{"farmersdelight:cooking_pot":2,"farmersdelight:rice_bag":3,"minecraft:jungle_leaves":1,"createdeco:locked_cast_iron_door":1,"minecraft:gray_stained_glass_pane":2,"minecraft:torch":4,"minecraft:gray_stained_glass":2,"minecraft:cobblestone":8,"biomesoplenty:sprout":3,"pfm:gray_stove":1,"rocks:rock":1,"createaddition:barbed_wire":26,"minecraft:cauldron":1,"minecraft:wall_torch":7,"create:cuckoo_clock":1,"minecraft:spawner":8,"minecraft:smooth_stone":3,"minecraft:black_stained_glass_pane":1,"another_furniture:service_bell":3,"farmersdelight:skillet":1,"farmersdelight:stuffed_pumpkin_block":1,"minecraft:furnace":5,"minecraft:gray_bed":1,"embellishcraft:smooth_marble":2,"pfm:basic_bathtub":2,"create:vertical_framed_glass_pane":3,"minecraft:oak_log":5,"minecraft:smooth_quartz":11,"apocalypsenow:corpsecloth":1,"minecraft:cobweb":10,"minecraft:oak_leaves":7,"minecraft:tripwire":2},"minecraft:killed_by":{"minecraft:player":1,"undead_revamp2:the_moonflower":3,"minecraft:zombie":1,"zombiemobs:zombie_turtle":1,"undead_revamp2:thesmoker":1},"minecraft:dropped":{"contenttweaker:rubber":2,"minecraft:glass_bottle":1,"minecraft:bowl":10,"patchouli:guide_book":1,"rocks:cobblestone_splitter":1,"chalk:red_chalk":1,"minecraft:torch":4,"apocalypsenow:rolling_pin":2,"minecraft:potion":2,"minecraft:wooden_pickaxe":4,"firstaid:plaster":3,"minecraft:cauldron":1},"minecraft:picked_up":{"apocalypsenow:rolling_pin":2,"pfm:basic_bathtub":2,"minecraft:wooden_pickaxe":3,"apocalypsenow:corpsecloth":1,"minecraft:potion":3,"minecraft:oak_log":5,"contenttweaker:rubber":1,"pfm:gray_stove":1,"another_furniture:service_bell":3,"minecraft:string":18,"minecraft:cooked_mutton":4,"createdeco:locked_cast_iron_door":1,"minecraft:bone":8,"farmersdelight:cooking_pot":2,"minecraft:smooth_quartz":5,"minecraft:gray_bed":1,"minecraft:furnace":5,"minecraft:egg":2,"minecraft:stick":2,"farmersdelight:stuffed_pumpkin_block":1,"embellishcraft:smooth_marble":2,"minecraft:torch":13,"create:cuckoo_clock":1,"chalk:red_chalk":1,"minecraft:cauldron":2,"minecraft:rotten_flesh":4,"createaddition:barbed_wire":24,"farmersdelight:rice_bag":3,"minecraft:oak_sapling":3,"rocks:cobblestone_splitter":1,"minecraft:cobblestone":8},"minecraft:custom":{"lootr:looted_stat":7,"minecraft:mob_kills":14,"minecraft:toilet_used":1,"minecraft:interact_with_crafting_table":5,"minecraft:stove_opened":6,"minecraft:interact_with_campfire":4,"minecraft:trashcan_opened":1,"minecraft:time_since_death":0,"minecraft:leave_game":2,"minecraft:sleep_in_bed":3,"minecraft:climb_one_cm":8656,"minecraft:time_since_rest":90,"minecraft:walk_one_cm":225613,"minecraft:sprint_one_cm":131732,"minecraft:damage_taken":2047,"minecraft:fridge_opened":6,"minecraft:drop":23,"minecraft:damage_dealt":3174,"minecraft:swim_one_cm":4771,"minecraft:fly_one_cm":80475,"minecraft:freezer_opened":7,"minecraft:crouch_one_cm":17481,"minecraft:play_time":83613,"minecraft:deaths":7,"minecraft:sneak_time":6840,"minecraft:walk_under_water_one_cm":5369,"minecraft:jump":547,"minecraft:drawer_searched":1,"minecraft:walk_on_water_one_cm":19835,"minecraft:total_world_time":83613,"minecraft:fall_one_cm":12200},"minecraft:used":{"apocalypsenow:police_chestplate":1,"createdeco:locked_cast_iron_door":1,"minecraft:stone_pickaxe":60,"minecraft:wooden_pickaxe":17,"create:cuckoo_clock":1,"minecraft:cauldron":1,"farmersdelight:rice_bag":2,"minecraft:torch":19,"minecraft:crafting_table":1,"minecraft:campfire":1,"farmersdelight:stuffed_pumpkin_block":1,"embellishcraft:smooth_marble":2,"minecraft:string":3,"minecraft:smooth_quartz":5,"chalk:red_chalk":5,"minecraft:cobblestone":2,"minecraft:potion":3,"minecraft:oak_sapling":3,"farmersdelight:cooking_pot":1,"another_furniture:service_bell":3,"apocalypsenow:rolling_pin":10,"apocalypsenow:bayonet":77,"pfm:gray_stove":1,"minecraft:egg":2,"pfm:basic_bathtub":2}},"DataVersion":2975}