{"stats":{"minecraft:picked_up":{"mineminenomi:kairoseki_handcuffs":1,"mineminenomi:bullet":22,"mineminenomi:challenge_poster":2,"mineminenomi:impact_dial":1,"mineminenomi:mace":1,"mineminenomi:character_creator":2,"minecraft:jungle_planks":4,"mineminenomi:eisen_dial":1,"mineminenomi:belly_pouch":2,"mineminenomi:kuma_pants":1,"minecraft:spider_eye":1,"minecraft:string":3,"mineminenomi:kuma_boots":1,"minecraft:dirt":13,"minecraft:red_bed":2,"minecraft:white_carpet":1,"mineminenomi:kuma_shirt":1,"mineminenomi:flag":1,"mineminenomi:kairoseki_bullet":6,"minecraft:wheat_seeds":5,"mineminenomi:rope_net":1,"mineminenomi:kairoseki_bars":1,"minecraft:saddle":1,"mineminenomi:flintlock":2,"minecraft:cobblestone":2},"minecraft:killed":{"mineminenomi:pirate_grunt":5,"minecraft:chicken":2,"minecraft:salmon":14,"minecraft:spider":1,"mineminenomi:arlong":1,"mineminenomi:mr_0":1,"mineminenomi:bandit_grunt":5,"mineminenomi:marine_grunt":1,"minecraft:squid":4},"minecraft:killed_by":{"mineminenomi:marine_grunt":2,"mineminenomi:pirate_grunt":6},"minecraft:broken":{"mineminenomi:cigarette":1},"minecraft:used":{"mineminenomi:kairoseki_bars":1,"minecraft:apple":5,"minecraft:melon_slice":7,"minecraft:bread":3,"mineminenomi:flintlock":11,"mineminenomi:yami_yami_no_mi":2,"mineminenomi:broadsword":15,"mineminenomi:yomi_yomi_no_mi":1,"mineminenomi:ope_ope_no_mi":1,"mineminenomi:cooked_sea_king_meat":13,"minecraft:cookie":3,"minecraft:dirt":8,"mineminenomi:tori_tori_no_mi_model_phoenix":1,"mineminenomi:senriku":50,"minecraft:jungle_planks":3,"mineminenomi:gamma_knife":1,"mineminenomi:breath_dial":1},"minecraft:custom":{"minecraft:time_since_rest":2897,"minecraft:sprint_one_cm":124813,"minecraft:damage_taken":10968,"minecraft:walk_one_cm":187468,"minecraft:mob_kills":31,"minecraft:drop":10,"minecraft:damage_dealt":7549,"minecraft:swim_one_cm":1339,"minecraft:fly_one_cm":196296,"minecraft:open_chest":22,"minecraft:play_one_minute":76429,"minecraft:crouch_one_cm":4313,"minecraft:deaths":15,"minecraft:sneak_time":2056,"minecraft:walk_under_water_one_cm":992,"minecraft:jump":910,"minecraft:leave_game":4,"minecraft:time_since_death":2868,"minecraft:walk_on_water_one_cm":5482,"minecraft:climb_one_cm":231,"minecraft:fall_one_cm":42050},"minecraft:dropped":{"mineminenomi:kairoseki_handcuffs":1,"minecraft:red_bed":1,"mineminenomi:impact_dial":1,"mineminenomi:rope_net":1,"mineminenomi:kuma_boots":1,"minecraft:jungle_planks":1,"mineminenomi:kairoseki_bullet":6,"mineminenomi:kuma_pants":1,"mineminenomi:belly_pouch":1,"mineminenomi:kuma_shirt":1},"minecraft:mined":{"minecraft:red_bed":2,"mineminenomi:breath_dial":1,"minecraft:fire":26,"minecraft:birch_leaves":1,"minecraft:grass":3,"minecraft:grass_block":10,"minecraft:jungle_planks":4,"minecraft:sand":1,"minecraft:dirt":5,"minecraft:tall_grass":2,"minecraft:oak_leaves":7}},"DataVersion":2586}