{"stats":{"minecraft:picked_up":{"mineminenomi:kairoseki_handcuffs":1,"mineminenomi:bullet":13,"mineminenomi:challenge_poster":1,"mineminenomi:impact_dial":1,"mineminenomi:character_creator":2,"mineminenomi:mace":1,"minecraft:jungle_planks":4,"mineminenomi:eisen_dial":1,"mineminenomi:belly_pouch":2,"minecraft:dirt":9,"minecraft:red_bed":2,"minecraft:white_carpet":1,"minecraft:wheat_seeds":3,"mineminenomi:flintlock":2},"minecraft:killed":{"mineminenomi:pirate_grunt":5,"minecraft:chicken":2,"mineminenomi:bandit_grunt":1,"mineminenomi:marine_grunt":1},"minecraft:killed_by":{"mineminenomi:marine_grunt":2,"mineminenomi:pirate_grunt":6},"minecraft:broken":{"mineminenomi:cigarette":1},"minecraft:used":{"minecraft:melon_slice":6,"minecraft:bread":3,"mineminenomi:flintlock":11,"mineminenomi:broadsword":15,"minecraft:cookie":3,"minecraft:dirt":7,"mineminenomi:tori_tori_no_mi_model_phoenix":1,"mineminenomi:senriku":50,"minecraft:jungle_planks":3,"mineminenomi:breath_dial":1},"minecraft:custom":{"minecraft:time_since_rest":7721,"minecraft:sprint_one_cm":84907,"minecraft:damage_taken":5080,"minecraft:walk_one_cm":104446,"minecraft:mob_kills":8,"minecraft:drop":4,"minecraft:damage_dealt":1172,"minecraft:swim_one_cm":206,"minecraft:fly_one_cm":116082,"minecraft:open_chest":22,"minecraft:crouch_one_cm":3546,"minecraft:play_one_minute":36367,"minecraft:deaths":8,"minecraft:sneak_time":1466,"minecraft:walk_under_water_one_cm":412,"minecraft:jump":552,"minecraft:walk_on_water_one_cm":2649,"minecraft:time_since_death":7680,"minecraft:climb_one_cm":203,"minecraft:fall_one_cm":14679},"minecraft:dropped":{"minecraft:red_bed":1,"mineminenomi:impact_dial":1,"minecraft:jungle_planks":1,"mineminenomi:belly_pouch":1},"minecraft:mined":{"minecraft:red_bed":2,"mineminenomi:breath_dial":1,"minecraft:birch_leaves":1,"minecraft:grass":2,"minecraft:grass_block":6,"minecraft:jungle_planks":4,"minecraft:dirt":5,"minecraft:oak_leaves":1}},"DataVersion":2586}