{"stats":{"minecraft:picked_up":{"minecraft:sand":16,"minecraft:tropical_fish":3,"minecraft:bone_meal":1},"minecraft:crafted":{"jujutsucraft:cursed_technique_starter":1},"minecraft:killed_by":{"jujutsucraft:cursed_spirit_grade_110":2,"jujutsucraft:cursed_spirit_grade_14":1,"jujutsucraft:cursed_spirit_grade_312":1,"jujutsucraft:negi_toshihisa":1,"jujutsucraft:curse_user":1,"jujutsucraft:cursed_spirit_grade_28":1},"minecraft:mined":{"minecraft:sand":15},"minecraft:custom":{"minecraft:time_since_rest":16696,"minecraft:sprint_one_cm":122227,"minecraft:damage_taken":3509,"minecraft:walk_one_cm":247817,"minecraft:mob_kills":66,"minecraft:damage_dealt":8950,"minecraft:swim_one_cm":2496,"minecraft:fly_one_cm":251861,"minecraft:player_kills":2,"minecraft:open_chest":1,"minecraft:crouch_one_cm":10458,"minecraft:play_time":36883,"minecraft:deaths":8,"minecraft:sneak_time":2758,"minecraft:walk_under_water_one_cm":18646,"minecraft:jump":527,"minecraft:damage_dealt_resisted":15277,"minecraft:leave_game":1,"minecraft:time_since_death":16670,"minecraft:walk_on_water_one_cm":7759,"minecraft:total_world_time":36883,"minecraft:damage_resisted":3373,"minecraft:fall_one_cm":25830},"minecraft:used":{"minecraft:tropical_fish":3,"minecraft:sand":1},"minecraft:killed":{"jujutsucraft:mimiko":1,"jujutsucraft:cursed_spirit_grade_32":3,"jujutsucraft:transfigured_human_3":1,"jujutsucraft:cursed_spirit_grade_39":7,"jujutsucraft:cursed_spirit_grade_314":3,"jujutsucraft:cursed_spirit_grade_215":1,"jujutsucraft:cursed_spirit_grade_310":5,"jujutsucraft:cursed_spirit_grade_36":3,"jujutsucraft:rozetsu_shikigami":1,"jujutsucraft:cursed_spirit_grade_35":1,"jujutsucraft:cursed_spirit_grade_318":1,"jujutsucraft:cursed_spirit_grade_34":7,"jujutsucraft:cursed_spirit_grade_317":4,"jujutsucraft:cursed_spirit_grade_315":3,"jujutsucraft:cursed_spirit_grade_316":1,"jujutsucraft:cursed_spirit_grade_26":1,"jujutsucraft:cursed_spirit_grade_319":5,"jujutsucraft:transfigured_human_2":1,"jujutsucraft:curse_user":2,"jujutsucraft:cursed_spirit_grade_322":3,"minecraft:tropical_fish":4,"jujutsucraft:cursed_spirit_grade_321":6}},"DataVersion":3465}