{"stats":{"minecraft:picked_up":{"minecraft:iron_chestplate":2,"minecraft:crafting_table":1,"minecraft:feather":1,"tac:glock_17":1,"minecraft:chicken":1,"blackclover:xp_bottle_wolf":7,"minecraft:leather":3,"minecraft:oak_log":27,"minecraft:lily_pad":2,"blackclover:xp_bottle_mob":14,"minecraft:gunpowder":2,"blackclover:xp_bottle_swordsman":1,"minecraft:dirt":52,"minecraft:iron_leggings":2,"minecraft:bone":5,"minecraft:wheat_seeds":1,"minecraft:beef":12,"minecraft:iron_sword":1,"minecraft:oak_planks":33,"minecraft:iron_boots":2,"tac:minigun":1,"minecraft:cooked_porkchop":124,"blackclover:grimoire_ice":1,"minecraft:torch":3,"minecraft:porkchop":7,"blackclover:xp_bottle_bandit":13,"blackclover:volcano_key":1,"blackclover:xp_bottle_mage":10,"minecraft:arrow":4,"minecraft:rotten_flesh":4,"blackclover:key_core":8,"blackclover:xp_bottle_witch":3,"minecraft:iron_helmet":2,"minecraft:mutton":1,"minecraft:coal":14,"blackclover:bronzeyul":10,"minecraft:white_wool":1,"minecraft:cobblestone":32},"minecraft:killed_by":{"blackclover:rhya":2,"blackclover:wolf":1,"minecraft:player":2,"minecraft:creeper":1,"minecraft:zombie":1,"blackclover:mage":4,"blackclover:witchnormal":3,"blackclover:bandit":1},"minecraft:dropped":{"minecraft:iron_sword":1,"blackclover:grimoire_light":1,"blackclover:xp_bottle_witch":2,"minecraft:cooked_porkchop":60,"blackclover:key_core":3,"tac:glock_17":1,"minecraft:iron_helmet":1,"minecraft:iron_boots":1,"blackclover:bronzeyul":3,"blackclover:xp_bottle_mage":1,"blackclover:sword_1":1,"blackclover:grimoire_ice":1,"tac:minigun":1,"blackclover:dark_sword":1,"minecraft:iron_leggings":1,"blackclover:light_sword":1},"minecraft:custom":{"minecraft:interact_with_furnace":14,"minecraft:mob_kills":41,"minecraft:interact_with_crafting_table":4,"minecraft:play_one_minute":62320,"minecraft:leave_game":1,"minecraft:time_since_death":11844,"minecraft:climb_one_cm":59,"minecraft:time_since_rest":11891,"minecraft:sprint_one_cm":103360,"minecraft:damage_taken":4897,"minecraft:walk_one_cm":132196,"minecraft:drop":17,"minecraft:damage_dealt":6341,"minecraft:fly_one_cm":236211,"minecraft:open_chest":6,"minecraft:crouch_one_cm":13355,"minecraft:deaths":15,"minecraft:sneak_time":5213,"minecraft:walk_under_water_one_cm":1770,"minecraft:jump":1163,"minecraft:walk_on_water_one_cm":9432,"minecraft:fall_one_cm":47674},"minecraft:crafted":{"minecraft:cooked_beef":2,"minecraft:oak_planks":108,"minecraft:crafting_table":2,"minecraft:wooden_pickaxe":1,"minecraft:furnace":1,"minecraft:stone_axe":1,"minecraft:cooked_mutton":1,"minecraft:air":0,"minecraft:stick":8,"minecraft:iron_ingot":2,"minecraft:stone_pickaxe":1,"minecraft:stone_sword":1},"minecraft:used":{"minecraft:cooked_mutton":1,"minecraft:stone_sword":123,"minecraft:stone_pickaxe":19,"minecraft:oak_planks":43,"minecraft:wooden_pickaxe":21,"minecraft:torch":2,"minecraft:dirt":31,"minecraft:crafting_table":3,"minecraft:stone_axe":26,"minecraft:beef":4,"minecraft:furnace":1,"minecraft:porkchop":2,"minecraft:cooked_beef":2},"minecraft:mined":{"minecraft:crafting_table":1,"minecraft:torch":2,"minecraft:grass_block":7,"minecraft:tall_grass":6,"minecraft:cobblestone":11,"minecraft:lily_pad":1,"minecraft:oak_planks":1,"minecraft:bee_nest":1,"minecraft:grass":20,"minecraft:oak_log":27,"minecraft:coal_ore":8,"minecraft:dirt":34,"minecraft:stone":21,"minecraft:oak_leaves":3},"minecraft:killed":{"minecraft:pig":2,"blackclover:wolf":2,"minecraft:salmon":1,"minecraft:creeper":1,"minecraft:sheep":1,"minecraft:skeleton":4,"minecraft:zombie":7,"minecraft:bee":3,"blackclover:bandit":3,"blackclover:witchnormal":2,"blackclover:swordsman":1,"blackclover:mage":1,"minecraft:cow":3}},"DataVersion":2586}