{"stats":{"minecraft:picked_up":{"mineminenomi:bullet":12,"mineminenomi:challenge_poster":1,"mineminenomi:impact_dial":1,"mineminenomi:mace":1,"mineminenomi:belly_pouch":2,"minecraft:dirt":9,"minecraft:red_bed":1,"minecraft:wheat_seeds":3,"mineminenomi:flintlock":2},"minecraft:killed":{"mineminenomi:pirate_grunt":3,"minecraft:chicken":2,"mineminenomi:marine_grunt":1},"minecraft:killed_by":{"mineminenomi:marine_grunt":2,"mineminenomi:pirate_grunt":5},"minecraft:used":{"minecraft:bread":3,"mineminenomi:flintlock":9,"mineminenomi:broadsword":3,"minecraft:cookie":2,"minecraft:dirt":7,"mineminenomi:senriku":50,"mineminenomi:breath_dial":1},"minecraft:custom":{"minecraft:time_since_rest":15275,"minecraft:sprint_one_cm":54128,"minecraft:damage_taken":3023,"minecraft:walk_one_cm":70267,"minecraft:mob_kills":6,"minecraft:drop":2,"minecraft:damage_dealt":587,"minecraft:swim_one_cm":206,"minecraft:fly_one_cm":77853,"minecraft:open_chest":21,"minecraft:crouch_one_cm":3073,"minecraft:play_one_minute":24367,"minecraft:deaths":7,"minecraft:sneak_time":1092,"minecraft:walk_under_water_one_cm":412,"minecraft:jump":399,"minecraft:walk_on_water_one_cm":2649,"minecraft:time_since_death":15248,"minecraft:climb_one_cm":203,"minecraft:fall_one_cm":10983},"minecraft:dropped":{"mineminenomi:impact_dial":1,"mineminenomi:belly_pouch":1},"minecraft:mined":{"minecraft:red_bed":1,"mineminenomi:breath_dial":1,"minecraft:birch_leaves":1,"minecraft:grass_block":6,"minecraft:dirt":5,"minecraft:oak_leaves":1}},"DataVersion":2586}