{"stats":{"minecraft:crafted":{"apocalypsenow:night_stick":1},"minecraft:killed":{"zombie_extreme:crawler":1,"minecraft:husk":1,"minecraft:zombie":2,"minecraft:chicken":1,"zombie_extreme:runner":1},"minecraft:broken":{"minecraft:wooden_pickaxe":1},"minecraft:mined":{"minecraft:gray_stained_glass_pane":2,"minecraft:torch":11,"biomesoplenty:sprout":1,"minecraft:wall_torch":8,"minecraft:black_stained_glass_pane":2,"biomesoplenty:toadstool":2,"minecraft:grass":1,"create:vertical_framed_glass_pane":2,"quark:oak_hedge":1,"minecraft:smooth_quartz":14,"minecraft:dirt":2,"minecraft:oak_leaves":1,"create:dark_oak_window_pane":2},"minecraft:killed_by":{"minecraft:player":3,"undead_revamp2:the_moonflower":3,"minecraft:zombie":1,"zombie_extreme:runner":1,"zombiemobs:zombie_turtle":1,"minecraft:drowned":1,"zombie_extreme:infected_police":1},"minecraft:dropped":{"contenttweaker:rubber":1,"minecraft:feather":1,"minecraft:rotten_flesh":12,"apocalypsenow:police_chestplate":1,"patchouli:guide_book":1,"minecraft:leather_chestplate":1,"farmersdelight:cooking_pot":1,"minecraft:wooden_pickaxe":2,"minecraft:string":4,"ftbquests:book":1,"immersiveengineering:seed":3,"minecraft:cauldron":1},"minecraft:custom":{"lootr:looted_stat":6,"minecraft:interact_with_furnace":9,"minecraft:mob_kills":6,"minecraft:toilet_used":2,"minecraft:stove_opened":1,"minecraft:trashcan_opened":1,"minecraft:use_sink":2,"minecraft:leave_game":1,"minecraft:time_since_death":614,"minecraft:sleep_in_bed":2,"minecraft:climb_one_cm":21411,"minecraft:time_since_rest":761,"minecraft:sprint_one_cm":180130,"minecraft:damage_taken":2872,"minecraft:walk_one_cm":231560,"minecraft:drop":15,"minecraft:damage_dealt":1124,"minecraft:swim_one_cm":731,"minecraft:fly_one_cm":154070,"minecraft:freezer_opened":4,"minecraft:player_kills":1,"minecraft:crouch_one_cm":305,"minecraft:play_time":77970,"minecraft:deaths":11,"minecraft:sneak_time":162,"minecraft:walk_under_water_one_cm":2592,"minecraft:interact_with_brewingstand":1,"minecraft:jump":1090,"minecraft:drawer_searched":3,"minecraft:walk_on_water_one_cm":25427,"minecraft:total_world_time":77970,"minecraft:fall_one_cm":16705},"minecraft:picked_up":{"apocalypsenow:apple_juice":3,"tac:round45":17,"minecraft:feather":3,"minecraft:wooden_pickaxe":2,"farmersdelight:bacon":5,"minecraft:potion":8,"apocalypsenow:cereal":4,"apocalypsenow:can_opener":1,"contenttweaker:rubber":1,"farmersdelight:tomato":5,"minecraft:string":10,"cgm:grenade":1,"minecraft:flint_and_steel":1,"minecraft:bone":16,"farmersdelight:cooking_pot":1,"apocalypsenow:night_stick":1,"minecraft:wheat_seeds":1,"apocalypsenow:human_flesh":19,"ftbquests:book":1,"farmersdelight:apple_cider":4,"minecraft:iron_ingot":2,"farmersdelight:cod_slice":6,"minecraft:smooth_quartz":7,"minecraft:glass_bottle":12,"tac:ae50":9,"apocalypsenow:grape_juice":4,"biomesoplenty:toadstool":2,"firstaid:plaster":4,"tac:m4":1,"farmersdelight:minced_beef":2,"minecraft:torch":46,"apocalypsenow:police_leggings":1,"apocalypsenow:vodka":3,"tac:b_magnum":3,"minecraft:cauldron":1,"apocalypsenow:royal_canada_police_officer_boots":1,"apocalypsenow:porpsi":3,"minecraft:rotten_flesh":26,"minecraft:diamond":1,"immersiveengineering:seed":3,"artifacts:crystal_heart":1,"tac:m92fs":1,"farmersdelight:onion":3,"quark:oak_hedge":1,"apocalypsenow:police_chestplate":1,"minecraft:golden_apple":1,"minecraft:bread":8,"firstaid:bandage":5,"minecraft:oak_sapling":7,"minecraft:mutton":3},"minecraft:used":{"minecraft:glass_bottle":2,"minecraft:wooden_pickaxe":44,"minecraft:torch":20,"apocalypsenow:police_leggings":1,"quark:oak_hedge":1,"minecraft:smooth_quartz":5,"biomesoplenty:toadstool":2,"minecraft:potion":1,"minecraft:egg":10,"minecraft:air":1,"apocalypsenow:royal_canada_police_officer_boots":1,"apocalypsenow:night_stick":28}},"DataVersion":2975}