{"stats":{"minecraft:picked_up":{"blackclover:xp_bottle_bandit":64,"minecraft:netherite_boots":1,"blackclover:xp_bottle_common":64,"minecraft:netherite_chestplate":1,"blackclover:magic_affinity":1,"minecraft:netherite_helmet":1,"minecraft:netherite_leggings":1},"minecraft:killed_by":{"minecraft:player":2},"minecraft:custom":{"minecraft:jump":172,"minecraft:time_since_rest":7448,"minecraft:crouch_one_cm":628,"minecraft:damage_dealt":7,"minecraft:play_one_minute":11505,"minecraft:deaths":3,"minecraft:sprint_one_cm":4398,"minecraft:damage_taken":1001,"minecraft:time_since_death":7415,"minecraft:walk_one_cm":13701,"minecraft:sneak_time":149,"minecraft:fall_one_cm":5410,"minecraft:fly_one_cm":11272},"minecraft:mined":{"minecraft:oak_leaves":2}},"DataVersion":2586}