{
  "jujutsucraft:jujutsu_craft_skills": {
    "criteria": {
      "jujutsu_craft_skills_0": "2024-09-08 18:54:16 +0000"
    },
    "done": true
  },
  "jujutsucraft:skill_divine_dog_totality": {
    "criteria": {
      "skill_divine_dog_totality_0": "2024-09-08 18:54:16 +0000"
    },
    "done": true
  },
  "repurposed_structures:root": {
    "criteria": {
      "always": "2024-09-08 18:54:16 +0000"
    },
    "done": true
  },
  "minecraft:recipes/decorations/crafting_table": {
    "criteria": {
      "unlock_right_away": "2024-09-08 18:54:16 +0000"
    },
    "done": true
  },
  "jujutsucraft:battle_advancements": {
    "criteria": {
      "battle_advancements_0": "2024-09-08 18:54:16 +0000"
    },
    "done": true
  },
  "jjkf:jjkf": {
    "criteria": {
      "jjkf_0": "2024-09-08 18:54:16 +0000"
    },
    "done": true
  },
  "jujutsucraft:skill_merged_beast_agito": {
    "criteria": {
      "skill_merged_beast_agito_0": "2024-09-08 18:54:16 +0000"
    },
    "done": true
  },
  "jujutsucraft:start_jujutsu_craft": {
    "criteria": {
      "start_jujutsu_craft_0": "2024-09-08 18:54:16 +0000"
    },
    "done": true
  },
  "parcool:grant_parcool_guide": {
    "criteria": {
      "tick": "2024-09-08 18:54:16 +0000"
    },
    "done": true
  },
  "minecraft:adventure/adventuring_time": {
    "criteria": {
      "minecraft:eroded_badlands": "2024-09-08 18:56:01 +0000",
      "minecraft:badlands": "2024-09-08 18:54:29 +0000",
      "minecraft:mangrove_swamp": "2024-09-08 19:28:49 +0000",
      "minecraft:river": "2024-09-08 19:09:43 +0000",
      "minecraft:desert": "2024-09-08 18:54:17 +0000",
      "minecraft:windswept_savanna": "2024-09-08 19:37:57 +0000"
    },
    "done": false
  },
  "jujutsucraft:advancement_insect": {
    "criteria": {
      "advancement_insect_0": "2024-09-08 18:54:41 +0000"
    },
    "done": true
  },
  "jujutsucraft:skill_dagon": {
    "criteria": {
      "skill_dagon_0": "2024-09-08 18:55:10 +0000"
    },
    "done": true
  },
  "minecraft:adventure/root": {
    "criteria": {
      "killed_something": "2024-09-08 18:56:19 +0000"
    },
    "done": true
  },
  "jujutsucraft:fame_3": {
    "criteria": {
      "fame_3_0": "2024-09-08 18:56:19 +0000"
    },
    "done": true
  },
  "jujutsucraft:fame_4": {
    "criteria": {
      "fame_4_0": "2024-09-08 18:56:19 +0000"
    },
    "done": true
  },
  "minecraft:recipes/building_blocks/light_gray_concrete_powder": {
    "criteria": {
      "has_sand": "2024-09-08 18:56:35 +0000"
    },
    "done": true
  },
  "minecraft:recipes/building_blocks/pink_concrete_powder": {
    "criteria": {
      "has_sand": "2024-09-08 18:56:35 +0000"
    },
    "done": true
  },
  "minecraft:recipes/building_blocks/red_concrete_powder": {
    "criteria": {
      "has_sand": "2024-09-08 18:56:35 +0000"
    },
    "done": true
  },
  "minecraft:recipes/building_blocks/brown_concrete_powder": {
    "criteria": {
      "has_sand": "2024-09-08 18:56:35 +0000"
    },
    "done": true
  },
  "minecraft:recipes/building_blocks/light_blue_concrete_powder": {
    "criteria": {
      "has_sand": "2024-09-08 18:56:35 +0000"
    },
    "done": true
  },
  "minecraft:recipes/building_blocks/glass": {
    "criteria": {
      "has_smelts_to_glass": "2024-09-08 18:56:35 +0000"
    },
    "done": true
  },
  "minecraft:recipes/building_blocks/green_concrete_powder": {
    "criteria": {
      "has_sand": "2024-09-08 18:56:35 +0000"
    },
    "done": true
  },
  "minecraft:recipes/building_blocks/blue_concrete_powder": {
    "criteria": {
      "has_sand": "2024-09-08 18:56:35 +0000"
    },
    "done": true
  },
  "minecraft:recipes/building_blocks/white_concrete_powder": {
    "criteria": {
      "has_sand": "2024-09-08 18:56:35 +0000"
    },
    "done": true
  },
  "minecraft:recipes/building_blocks/lime_concrete_powder": {
    "criteria": {
      "has_sand": "2024-09-08 18:56:35 +0000"
    },
    "done": true
  },
  "minecraft:recipes/building_blocks/orange_concrete_powder": {
    "criteria": {
      "has_sand": "2024-09-08 18:56:35 +0000"
    },
    "done": true
  },
  "minecraft:recipes/building_blocks/magenta_concrete_powder": {
    "criteria": {
      "has_sand": "2024-09-08 18:56:35 +0000"
    },
    "done": true
  },
  "minecraft:recipes/building_blocks/yellow_concrete_powder": {
    "criteria": {
      "has_sand": "2024-09-08 18:56:35 +0000"
    },
    "done": true
  },
  "minecraft:recipes/building_blocks/sandstone": {
    "criteria": {
      "has_sand": "2024-09-08 18:56:35 +0000"
    },
    "done": true
  },
  "minecraft:recipes/building_blocks/gray_concrete_powder": {
    "criteria": {
      "has_sand": "2024-09-08 18:56:35 +0000"
    },
    "done": true
  },
  "minecraft:recipes/building_blocks/black_concrete_powder": {
    "criteria": {
      "has_sand": "2024-09-08 18:56:35 +0000"
    },
    "done": true
  },
  "minecraft:recipes/building_blocks/purple_concrete_powder": {
    "criteria": {
      "has_sand": "2024-09-08 18:56:35 +0000"
    },
    "done": true
  },
  "minecraft:recipes/building_blocks/cyan_concrete_powder": {
    "criteria": {
      "has_sand": "2024-09-08 18:56:35 +0000"
    },
    "done": true
  },
  "minecraft:recipes/tools/flint_and_steel": {
    "criteria": {
      "has_obsidian": "2024-09-08 18:56:54 +0000"
    },
    "done": true
  },
  "minecraft:story/form_obsidian": {
    "criteria": {
      "obsidian": "2024-09-08 18:56:54 +0000"
    },
    "done": true
  },
  "minecraft:recipes/decorations/enchanting_table": {
    "criteria": {
      "has_obsidian": "2024-09-08 18:56:54 +0000"
    },
    "done": true
  },
  "jujutsucraft:update": {
    "criteria": {
      "update_0": "2024-09-08 20:11:14 +0000"
    },
    "done": true
  },
  "minecraft:recipes/decorations/ladder": {
    "criteria": {
      "has_stick": "2024-09-08 20:08:40 +0000"
    },
    "done": true
  },
  "minecraft:recipes/building_blocks/coarse_dirt": {
    "criteria": {
      "has_gravel": "2024-09-08 20:07:39 +0000"
    },
    "done": true
  },
  "minecraft:recipes/building_blocks/mangrove_planks": {
    "criteria": {
      "has_logs": "2024-09-08 20:01:44 +0000"
    },
    "done": true
  },
  "minecraft:recipes/building_blocks/sandstone_slab": {
    "criteria": {
      "has_sandstone": "2024-09-08 20:01:01 +0000"
    },
    "done": true
  },
  "jujutsucraft:sorcerer_grade_2_semi": {
    "criteria": {
      "sorcerer_grade_2_semi_0": "2024-09-08 19:41:01 +0000"
    },
    "done": true
  },
  "jujutsucraft:mastery_simple_domain": {
    "criteria": {
      "mastery_simple_domain_0": "2024-09-08 19:30:29 +0000"
    },
    "done": true
  },
  "minecraft:recipes/building_blocks/mossy_stone_bricks_from_vine": {
    "criteria": {
      "has_vine": "2024-09-08 19:32:16 +0000"
    },
    "done": true
  },
  "jujutsucraft:battle_momo_nishimiya": {
    "criteria": {
      "battle_momo_nishimiya_0": "2024-09-08 19:41:14 +0000"
    },
    "done": true
  },
  "jujutsucraft:battle_reggie_star": {
    "criteria": {
      "battle_reggie_star_0": "2024-09-08 19:50:08 +0000"
    },
    "done": true
  },
  "minecraft:recipes/building_blocks/smooth_sandstone": {
    "criteria": {
      "has_sandstone": "2024-09-08 20:01:01 +0000"
    },
    "done": true
  },
  "backpacked:recipes/decorations/cherry_backpack_shelf": {
    "criteria": {
      "has_stick": "2024-09-08 20:08:40 +0000"
    },
    "done": true
  },
  "jujutsucraft:skill_bathynomus_giganteus": {
    "criteria": {
      "skill_bathynomus_giganteus_0": "2024-09-08 19:31:19 +0000"
    },
    "done": true
  },
  "jujutsucraft:sorcerer_grade_4": {
    "criteria": {
      "sorcerer_grade_4_0": "2024-09-08 19:24:00 +0000"
    },
    "done": true
  },
  "jujutsucraft:sorcerer_grade_2": {
    "criteria": {
      "sorcerer_grade_2_0": "2024-09-08 19:51:30 +0000"
    },
    "done": true
  },
  "jujutsucraft:sorcerer_grade_3": {
    "criteria": {
      "sorcerer_grade_3_0": "2024-09-08 19:31:19 +0000"
    },
    "done": true
  },
  "minecraft:recipes/decorations/sandstone_wall_from_sandstone_stonecutting": {
    "criteria": {
      "has_sandstone": "2024-09-08 20:01:01 +0000"
    },
    "done": true
  },
  "minecraft:recipes/tools/wooden_axe": {
    "criteria": {
      "has_stick": "2024-09-08 20:08:40 +0000"
    },
    "done": true
  },
  "backpacked:recipes/decorations/oak_backpack_shelf": {
    "criteria": {
      "has_stick": "2024-09-08 20:08:40 +0000"
    },
    "done": true
  },
  "backpacked:recipes/decorations/dark_oak_backpack_shelf": {
    "criteria": {
      "has_stick": "2024-09-08 20:08:40 +0000"
    },
    "done": true
  },
  "minecraft:recipes/building_blocks/cut_sandstone": {
    "criteria": {
      "has_sandstone": "2024-09-08 20:01:01 +0000"
    },
    "done": true
  },
  "minecraft:recipes/food/cooked_salmon": {
    "criteria": {
      "has_salmon": "2024-09-08 19:33:03 +0000"
    },
    "done": true
  },
  "backpacked:recipes/decorations/birch_backpack_shelf": {
    "criteria": {
      "has_stick": "2024-09-08 20:08:40 +0000"
    },
    "done": true
  },
  "minecraft:recipes/food/cooked_rabbit": {
    "criteria": {
      "has_rabbit": "2024-09-08 19:09:14 +0000"
    },
    "done": true
  },
  "jujutsucraft:battle_toshihisa_negi": {
    "criteria": {
      "battle_toshihisa_negi_0": "2024-09-08 19:25:42 +0000"
    },
    "done": true
  },
  "jujutsucraft:battle_megumi_fushiguro": {
    "criteria": {
      "battle_megumi_fushiguro_0": "2024-09-08 19:42:25 +0000"
    },
    "done": true
  },
  "jujutsucraft:battle_hagane_daido": {
    "criteria": {
      "battle_hagane_daido_0": "2024-09-08 19:41:01 +0000"
    },
    "done": true
  },
  "minecraft:recipes/decorations/chest": {
    "criteria": {
      "has_lots_of_items": "2024-09-08 19:27:38 +0000"
    },
    "done": true
  },
  "minecraft:recipes/food/cooked_rabbit_from_smoking": {
    "criteria": {
      "has_rabbit": "2024-09-08 19:09:14 +0000"
    },
    "done": true
  },
  "minecraft:recipes/food/cooked_rabbit_from_campfire_cooking": {
    "criteria": {
      "has_rabbit": "2024-09-08 19:09:14 +0000"
    },
    "done": true
  },
  "minecraft:recipes/transportation/cherry_boat": {
    "criteria": {
      "in_water": "2024-09-08 19:09:43 +0000"
    },
    "done": true
  },
  "jujutsucraft:skill_death_swarm": {
    "criteria": {
      "skill_death_swarm_0": "2024-09-08 19:41:01 +0000"
    },
    "done": true
  },
  "minecraft:recipes/building_blocks/sandstone_stairs_from_sandstone_stonecutting": {
    "criteria": {
      "has_sandstone": "2024-09-08 20:01:01 +0000"
    },
    "done": true
  },
  "minecraft:recipes/building_blocks/packed_mud": {
    "criteria": {
      "has_mud": "2024-09-08 19:31:40 +0000"
    },
    "done": true
  },
  "minecraft:recipes/transportation/bamboo_raft": {
    "criteria": {
      "in_water": "2024-09-08 19:09:43 +0000"
    },
    "done": true
  },
  "backpacked:recipes/decorations/spruce_backpack_shelf": {
    "criteria": {
      "has_stick": "2024-09-08 20:08:40 +0000"
    },
    "done": true
  },
  "minecraft:recipes/misc/green_dye": {
    "criteria": {
      "has_cactus": "2024-09-08 19:12:30 +0000"
    },
    "done": true
  },
  "minecraft:recipes/transportation/spruce_boat": {
    "criteria": {
      "in_water": "2024-09-08 19:09:43 +0000"
    },
    "done": true
  },
  "jujutsucraft:mastery_domain_amplification": {
    "criteria": {
      "mastery_domain_amplification_0": "2024-09-08 20:09:02 +0000"
    },
    "done": true
  },
  "jujutsucraft:mastery_domain_expansion": {
    "criteria": {
      "mastery_domain_expansion_0": "2024-09-08 19:53:10 +0000"
    },
    "done": true
  },
  "minecraft:recipes/transportation/birch_boat": {
    "criteria": {
      "in_water": "2024-09-08 19:09:43 +0000"
    },
    "done": true
  },
  "minecraft:recipes/building_blocks/blue_ice": {
    "criteria": {
      "has_packed_ice": "2024-09-08 20:07:19 +0000"
    },
    "done": true
  },
  "minecraft:recipes/transportation/oak_boat": {
    "criteria": {
      "in_water": "2024-09-08 19:09:43 +0000"
    },
    "done": true
  },
  "minecraft:recipes/misc/paper": {
    "criteria": {
      "has_reeds": "2024-09-08 19:37:33 +0000"
    },
    "done": true
  },
  "backpacked:recipes/misc/backpack": {
    "criteria": {
      "has_hide": "2024-09-08 19:09:14 +0000"
    },
    "done": true
  },
  "minecraft:recipes/building_blocks/mossy_cobblestone_from_vine": {
    "criteria": {
      "has_vine": "2024-09-08 19:32:16 +0000"
    },
    "done": true
  },
  "backpacked:recipes/decorations/acacia_backpack_shelf": {
    "criteria": {
      "has_stick": "2024-09-08 20:08:40 +0000"
    },
    "done": true
  },
  "minecraft:recipes/transportation/mangrove_boat": {
    "criteria": {
      "in_water": "2024-09-08 19:09:43 +0000"
    },
    "done": true
  },
  "minecraft:recipes/building_blocks/sandstone_stairs": {
    "criteria": {
      "has_sandstone": "2024-09-08 20:01:01 +0000"
    },
    "done": true
  },
  "minecraft:recipes/food/cooked_salmon_from_smoking": {
    "criteria": {
      "has_salmon": "2024-09-08 19:33:03 +0000"
    },
    "done": true
  },
  "minecraft:recipes/misc/leather": {
    "criteria": {
      "has_rabbit_hide": "2024-09-08 19:09:14 +0000"
    },
    "done": true
  },
  "minecraft:recipes/misc/black_dye": {
    "criteria": {
      "has_ink_sac": "2024-09-08 19:45:34 +0000"
    },
    "done": true
  },
  "jujutsucraft:battle_jinichi_zenin": {
    "criteria": {
      "battle_jinichi_zenin_0": "2024-09-08 20:01:05 +0000"
    },
    "done": true
  },
  "minecraft:recipes/building_blocks/cut_sandstone_from_sandstone_stonecutting": {
    "criteria": {
      "has_sandstone": "2024-09-08 20:01:01 +0000"
    },
    "done": true
  },
  "minecraft:recipes/decorations/campfire": {
    "criteria": {
      "has_stick": "2024-09-08 20:08:40 +0000"
    },
    "done": true
  },
  "backpacked:recipes/decorations/jungle_backpack_shelf": {
    "criteria": {
      "has_stick": "2024-09-08 20:08:40 +0000"
    },
    "done": true
  },
  "minecraft:recipes/misc/sugar_from_sugar_cane": {
    "criteria": {
      "has_sugar_cane": "2024-09-08 19:37:33 +0000"
    },
    "done": true
  },
  "minecraft:recipes/tools/wooden_hoe": {
    "criteria": {
      "has_stick": "2024-09-08 20:08:40 +0000"
    },
    "done": true
  },
  "minecraft:recipes/building_blocks/chiseled_sandstone_from_sandstone_stonecutting": {
    "criteria": {
      "has_sandstone": "2024-09-08 20:01:01 +0000"
    },
    "done": true
  },
  "minecraft:recipes/misc/charcoal": {
    "criteria": {
      "has_log": "2024-09-08 20:01:44 +0000"
    },
    "done": true
  },
  "minecraft:recipes/tools/wooden_pickaxe": {
    "criteria": {
      "has_stick": "2024-09-08 20:08:40 +0000"
    },
    "done": true
  },
  "minecraft:recipes/food/cooked_salmon_from_campfire_cooking": {
    "criteria": {
      "has_salmon": "2024-09-08 19:33:03 +0000"
    },
    "done": true
  },
  "jujutsucraft:battle_cursed_spirit_grade_special_10": {
    "criteria": {
      "battle_cursed_spirit_grade_special_10_0": "2024-09-08 19:59:46 +0000"
    },
    "done": true
  },
  "jujutsucraft:black_flash": {
    "criteria": {
      "black_flash_0": "2024-09-08 19:52:37 +0000"
    },
    "done": true
  },
  "jujutsucraft:battle_mahoraga": {
    "criteria": {
      "battle_mahoraga_0": "2024-09-08 19:51:30 +0000"
    },
    "done": true
  },
  "minecraft:recipes/building_blocks/cut_sandstone_slab_from_sandstone_stonecutting": {
    "criteria": {
      "has_sandstone": "2024-09-08 20:01:01 +0000"
    },
    "done": true
  },
  "minecraft:recipes/building_blocks/sandstone_slab_from_sandstone_stonecutting": {
    "criteria": {
      "has_sandstone": "2024-09-08 20:01:01 +0000"
    },
    "done": true
  },
  "minecraft:recipes/tools/wooden_shovel": {
    "criteria": {
      "has_stick": "2024-09-08 20:08:40 +0000"
    },
    "done": true
  },
  "backpacked:recipes/decorations/warped_backpack_shelf": {
    "criteria": {
      "has_stick": "2024-09-08 20:08:40 +0000"
    },
    "done": true
  },
  "minecraft:recipes/building_blocks/mangrove_wood": {
    "criteria": {
      "has_log": "2024-09-08 20:01:44 +0000"
    },
    "done": true
  },
  "minecraft:recipes/transportation/acacia_boat": {
    "criteria": {
      "in_water": "2024-09-08 19:09:43 +0000"
    },
    "done": true
  },
  "backpacked:recipes/decorations/crimson_backpack_shelf": {
    "criteria": {
      "has_stick": "2024-09-08 20:08:40 +0000"
    },
    "done": true
  },
  "minecraft:recipes/combat/wooden_sword": {
    "criteria": {
      "has_stick": "2024-09-08 20:08:40 +0000"
    },
    "done": true
  },
  "jujutsucraft:reverse_cursed_technique_2": {
    "criteria": {
      "reverse_cursed_technique_2_0": "2024-09-08 19:18:21 +0000"
    },
    "done": true
  },
  "jujutsucraft:reverse_cursed_technique_1": {
    "criteria": {
      "reverse_cursed_technique_1_0": "2024-09-08 19:10:57 +0000"
    },
    "done": true
  },
  "minecraft:recipes/decorations/sandstone_wall": {
    "criteria": {
      "has_sandstone": "2024-09-08 20:01:01 +0000"
    },
    "done": true
  },
  "jujutsucraft:sorcerer_grade_1_semi": {
    "criteria": {
      "sorcerer_grade_1_semi_0": "2024-09-08 20:08:15 +0000"
    },
    "done": true
  },
  "jujutsucraft:fame_2": {
    "criteria": {
      "fame_2_0": "2024-09-08 19:24:33 +0000"
    },
    "done": true
  },
  "jujutsucraft:fame_1": {
    "criteria": {
      "fame_1_0": "2024-09-08 19:48:10 +0000"
    },
    "done": true
  },
  "jujutsucraft:fame_special": {
    "criteria": {
      "fame_special_0": "2024-09-08 19:59:46 +0000"
    },
    "done": true
  },
  "minecraft:recipes/transportation/jungle_boat": {
    "criteria": {
      "in_water": "2024-09-08 19:09:43 +0000"
    },
    "done": true
  },
  "minecraft:recipes/transportation/dark_oak_boat": {
    "criteria": {
      "in_water": "2024-09-08 19:09:43 +0000"
    },
    "done": true
  },
  "DataVersion": 3465
}